solution,scenario,product,to,V
POS1,s1,die,Chr,38689
POS1,s1,die,Srl,19857
POS1,s1,die,Amj,15329
POS1,s1,die,Ctw,98205
POS1,s1,die,Bhw,8190
POS1,s1,pet,Chr,1311
POS1,s1,pet,Brt,5330
POS1,s1,pet,Srl,3143
POS1,s1,pet,Amj,2141
POS1,s1,pet,Ctw,3795
POS1,s1,pet,Ktm,760
POS1,s1,pet,Pkr,10760
POS1,s1,pet,Bhw,31810
POS1,s1,pet,Npj,760
POS1,s1,pet,Dhn,760
POS2,s1,die,Chr,38689
POS2,s1,die,Srl,19877
POS2,s1,die,Amj,15309
POS2,s1,die,Ctw,98205
POS2,s1,die,Bhw,8190
POS2,s1,pet,Chr,1311
POS2,s1,pet,Brt,5330
POS2,s1,pet,Srl,3123
POS2,s1,pet,Amj,2161
POS2,s1,pet,Ctw,3795
POS2,s1,pet,Ktm,760
POS2,s1,pet,Pkr,10760
POS2,s1,pet,Bhw,31810
POS2,s1,pet,Npj,760
POS2,s1,pet,Dhn,760
POS3,s1,die,Chr,38689
POS3,s1,die,Srl,19877
POS3,s1,die,Amj,15309
POS3,s1,die,Ctw,98205
POS3,s1,die,Bhw,8190
POS3,s1,pet,Chr,1311
POS3,s1,pet,Brt,5330
POS3,s1,pet,Srl,3123
POS3,s1,pet,Amj,2161
POS3,s1,pet,Ctw,3795
POS3,s1,pet,Ktm,760
POS3,s1,pet,Pkr,10760
POS3,s1,pet,Bhw,31810
POS3,s1,pet,Npj,760
POS3,s1,pet,Dhn,760
POS4,s1,die,Chr,38689
POS4,s1,die,Srl,19877
POS4,s1,die,Amj,15309
POS4,s1,die,Ctw,98205
POS4,s1,die,Bhw,8190
POS4,s1,pet,Chr,1311
POS4,s1,pet,Brt,5330
POS4,s1,pet,Srl,3123
POS4,s1,pet,Amj,2161
POS4,s1,pet,Ctw,3795
POS4,s1,pet,Ktm,760
POS4,s1,pet,Pkr,10760
POS4,s1,pet,Bhw,31810
POS4,s1,pet,Npj,760
POS4,s1,pet,Dhn,760
POS5,s1,die,Chr,38689
POS5,s1,die,Srl,19877
POS5,s1,die,Amj,15309
POS5,s1,die,Ctw,98205
POS5,s1,die,Bhw,8190
POS5,s1,pet,Chr,1311
POS5,s1,pet,Brt,5330
POS5,s1,pet,Srl,3123
POS5,s1,pet,Amj,2161
POS5,s1,pet,Ctw,3795
POS5,s1,pet,Ktm,760
POS5,s1,pet,Pkr,10760
POS5,s1,pet,Bhw,31810
POS5,s1,pet,Npj,760
POS5,s1,pet,Dhn,760
POS6,s1,die,Chr,38689
POS6,s1,die,Srl,20145
POS6,s1,die,Amj,15041
POS6,s1,die,Ctw,98205
POS6,s1,die,Bhw,8190
POS6,s1,pet,Chr,1311
POS6,s1,pet,Brt,5330
POS6,s1,pet,Srl,2855
POS6,s1,pet,Amj,2429
POS6,s1,pet,Ctw,3795
POS6,s1,pet,Ktm,760
POS6,s1,pet,Pkr,10760
POS6,s1,pet,Bhw,31810
POS6,s1,pet,Npj,760
POS6,s1,pet,Dhn,760
POS7,s1,die,Chr,38689
POS7,s1,die,Srl,20145
POS7,s1,die,Amj,15041
POS7,s1,die,Ctw,98205
POS7,s1,die,Bhw,8190
POS7,s1,pet,Chr,1311
POS7,s1,pet,Brt,5330
POS7,s1,pet,Srl,2855
POS7,s1,pet,Amj,2429
POS7,s1,pet,Ctw,3795
POS7,s1,pet,Ktm,760
POS7,s1,pet,Pkr,10760
POS7,s1,pet,Bhw,31810
POS7,s1,pet,Npj,760
POS7,s1,pet,Dhn,760
POS8,s1,die,Chr,38689
POS8,s1,die,Srl,20145
POS8,s1,die,Amj,15041
POS8,s1,die,Ctw,98205
POS8,s1,die,Bhw,8190
POS8,s1,pet,Chr,1311
POS8,s1,pet,Brt,5330
POS8,s1,pet,Srl,2855
POS8,s1,pet,Amj,2429
POS8,s1,pet,Ctw,3795
POS8,s1,pet,Ktm,760
POS8,s1,pet,Pkr,10760
POS8,s1,pet,Bhw,31810
POS8,s1,pet,Npj,760
POS8,s1,pet,Dhn,760
POS9,s1,die,Chr,38689
POS9,s1,die,Srl,20145
POS9,s1,die,Amj,15041
POS9,s1,die,Ctw,98205
POS9,s1,die,Bhw,8190
POS9,s1,pet,Chr,1311
POS9,s1,pet,Brt,5330
POS9,s1,pet,Srl,2855
POS9,s1,pet,Amj,2429
POS9,s1,pet,Ctw,3795
POS9,s1,pet,Ktm,760
POS9,s1,pet,Pkr,10760
POS9,s1,pet,Bhw,31810
POS9,s1,pet,Npj,760
POS9,s1,pet,Dhn,760
POS10,s1,die,Chr,38612
POS10,s1,die,Srl,20222
POS10,s1,die,Amj,15041
POS10,s1,die,Ctw,98205
POS10,s1,die,Bhw,8190
POS10,s1,pet,Chr,1388
POS10,s1,pet,Brt,5330
POS10,s1,pet,Srl,2778
POS10,s1,pet,Amj,2429
POS10,s1,pet,Ctw,3795
POS10,s1,pet,Ktm,760
POS10,s1,pet,Pkr,10760
POS10,s1,pet,Bhw,31810
POS10,s1,pet,Npj,760
POS10,s1,pet,Dhn,760
POS11,s1,die,Chr,38560
POS11,s1,die,Srl,20274
POS11,s1,die,Amj,15041
POS11,s1,die,Ctw,98205
POS11,s1,die,Bhw,8190
POS11,s1,pet,Chr,1440
POS11,s1,pet,Brt,5330
POS11,s1,pet,Srl,2726
POS11,s1,pet,Amj,2429
POS11,s1,pet,Ctw,3795
POS11,s1,pet,Ktm,760
POS11,s1,pet,Pkr,10760
POS11,s1,pet,Bhw,31810
POS11,s1,pet,Npj,760
POS11,s1,pet,Dhn,760
POS12,s1,die,Chr,38560
POS12,s1,die,Srl,20274
POS12,s1,die,Amj,15041
POS12,s1,die,Ctw,98205
POS12,s1,die,Bhw,8190
POS12,s1,pet,Chr,1440
POS12,s1,pet,Brt,5330
POS12,s1,pet,Srl,2726
POS12,s1,pet,Amj,2429
POS12,s1,pet,Ctw,3795
POS12,s1,pet,Ktm,760
POS12,s1,pet,Pkr,10760
POS12,s1,pet,Bhw,31810
POS12,s1,pet,Npj,760
POS12,s1,pet,Dhn,760
POS13,s1,die,Chr,38560
POS13,s1,die,Srl,21965
POS13,s1,die,Ctw,98205
POS13,s1,die,Bhw,8190
POS13,s1,pet,Chr,1440
POS13,s1,pet,Brt,5330
POS13,s1,pet,Srl,1035
POS13,s1,pet,Amj,17470
POS13,s1,pet,Ctw,3795
POS13,s1,pet,Ktm,760
POS13,s1,pet,Pkr,10760
POS13,s1,pet,Bhw,31810
POS13,s1,pet,Npj,760
POS13,s1,pet,Dhn,760
POS14,s1,die,Chr,38560
POS14,s1,die,Srl,20274
POS14,s1,die,Amj,15041
POS14,s1,die,Ctw,98205
POS14,s1,die,Bhw,8190
POS14,s1,pet,Chr,1440
POS14,s1,pet,Brt,5330
POS14,s1,pet,Srl,2726
POS14,s1,pet,Amj,2429
POS14,s1,pet,Ctw,3795
POS14,s1,pet,Ktm,760
POS14,s1,pet,Pkr,10760
POS14,s1,pet,Bhw,31810
POS14,s1,pet,Npj,760
POS14,s1,pet,Dhn,760
POS15,s1,die,Chr,38560
POS15,s1,die,Srl,20274
POS15,s1,die,Amj,15041
POS15,s1,die,Ctw,98205
POS15,s1,die,Bhw,8190
POS15,s1,pet,Chr,1440
POS15,s1,pet,Brt,5330
POS15,s1,pet,Srl,2726
POS15,s1,pet,Amj,2429
POS15,s1,pet,Ctw,3795
POS15,s1,pet,Ktm,760
POS15,s1,pet,Pkr,10760
POS15,s1,pet,Bhw,31810
POS15,s1,pet,Npj,760
POS15,s1,pet,Dhn,760
POS16,s1,die,Chr,38560
POS16,s1,die,Srl,20274
POS16,s1,die,Amj,15041
POS16,s1,die,Ctw,98205
POS16,s1,die,Bhw,8190
POS16,s1,pet,Chr,1440
POS16,s1,pet,Brt,5330
POS16,s1,pet,Srl,2726
POS16,s1,pet,Amj,2429
POS16,s1,pet,Ctw,3795
POS16,s1,pet,Ktm,760
POS16,s1,pet,Pkr,10760
POS16,s1,pet,Bhw,31810
POS16,s1,pet,Npj,760
POS16,s1,pet,Dhn,760
POS17,s1,die,Chr,38560
POS17,s1,die,Srl,20274
POS17,s1,die,Amj,15041
POS17,s1,die,Ctw,98205
POS17,s1,die,Bhw,8190
POS17,s1,pet,Chr,1440
POS17,s1,pet,Brt,5330
POS17,s1,pet,Srl,2726
POS17,s1,pet,Amj,2429
POS17,s1,pet,Ctw,3795
POS17,s1,pet,Ktm,760
POS17,s1,pet,Pkr,10760
POS17,s1,pet,Bhw,31810
POS17,s1,pet,Npj,760
POS17,s1,pet,Dhn,760
POS18,s1,die,Chr,38560
POS18,s1,die,Srl,20274
POS18,s1,die,Amj,15041
POS18,s1,die,Ctw,98205
POS18,s1,die,Bhw,8190
POS18,s1,pet,Chr,1440
POS18,s1,pet,Brt,5330
POS18,s1,pet,Srl,2726
POS18,s1,pet,Amj,2429
POS18,s1,pet,Ctw,3795
POS18,s1,pet,Ktm,760
POS18,s1,pet,Pkr,10760
POS18,s1,pet,Bhw,31810
POS18,s1,pet,Npj,760
POS18,s1,pet,Dhn,760
POS19,s1,die,Chr,38560
POS19,s1,die,Srl,20274
POS19,s1,die,Amj,15041
POS19,s1,die,Ctw,98205
POS19,s1,die,Bhw,8190
POS19,s1,pet,Chr,1440
POS19,s1,pet,Brt,5330
POS19,s1,pet,Srl,2726
POS19,s1,pet,Amj,2429
POS19,s1,pet,Ctw,3795
POS19,s1,pet,Ktm,760
POS19,s1,pet,Pkr,10760
POS19,s1,pet,Bhw,31810
POS19,s1,pet,Npj,760
POS19,s1,pet,Dhn,760
POS20,s1,die,Chr,38560
POS20,s1,die,Srl,20343
POS20,s1,die,Amj,15041
POS20,s1,die,Ctw,98136
POS20,s1,die,Bhw,8190
POS20,s1,pet,Chr,1440
POS20,s1,pet,Brt,5330
POS20,s1,pet,Srl,2657
POS20,s1,pet,Amj,2429
POS20,s1,pet,Ctw,3864
POS20,s1,pet,Ktm,760
POS20,s1,pet,Pkr,10760
POS20,s1,pet,Bhw,31810
POS20,s1,pet,Npj,760
POS20,s1,pet,Dhn,760
POS1,s2,die,Chr,38746
POS1,s2,die,Srl,22010
POS1,s2,die,Amj,15506
POS1,s2,die,Ctw,98370
POS1,s2,die,Bhw,7896
POS1,s2,pet,Chr,1254
POS1,s2,pet,Brt,5330
POS1,s2,pet,Srl,990
POS1,s2,pet,Amj,1964
POS1,s2,pet,Ctw,3630
POS1,s2,pet,Ktm,760
POS1,s2,pet,Pkr,10760
POS1,s2,pet,Bhw,32104
POS1,s2,pet,Npj,760
POS1,s2,pet,Dhn,760
POS2,s2,die,Chr,38746
POS2,s2,die,Srl,22010
POS2,s2,die,Amj,15506
POS2,s2,die,Ctw,98370
POS2,s2,die,Bhw,7896
POS2,s2,pet,Chr,1254
POS2,s2,pet,Brt,5330
POS2,s2,pet,Srl,990
POS2,s2,pet,Amj,1964
POS2,s2,pet,Ctw,3630
POS2,s2,pet,Ktm,760
POS2,s2,pet,Pkr,10760
POS2,s2,pet,Bhw,32104
POS2,s2,pet,Npj,760
POS2,s2,pet,Dhn,760
POS3,s2,die,Chr,38746
POS3,s2,die,Srl,22010
POS3,s2,die,Amj,15506
POS3,s2,die,Ctw,98370
POS3,s2,die,Bhw,7896
POS3,s2,pet,Chr,1254
POS3,s2,pet,Brt,5330
POS3,s2,pet,Srl,990
POS3,s2,pet,Amj,1964
POS3,s2,pet,Ctw,3630
POS3,s2,pet,Ktm,760
POS3,s2,pet,Pkr,10760
POS3,s2,pet,Bhw,32104
POS3,s2,pet,Npj,760
POS3,s2,pet,Dhn,760
POS4,s2,die,Chr,38746
POS4,s2,die,Srl,22010
POS4,s2,die,Amj,15506
POS4,s2,die,Ctw,98370
POS4,s2,die,Bhw,7896
POS4,s2,pet,Chr,1254
POS4,s2,pet,Brt,5330
POS4,s2,pet,Srl,990
POS4,s2,pet,Amj,1964
POS4,s2,pet,Ctw,3630
POS4,s2,pet,Ktm,760
POS4,s2,pet,Pkr,10760
POS4,s2,pet,Bhw,32104
POS4,s2,pet,Npj,760
POS4,s2,pet,Dhn,760
POS5,s2,die,Chr,38746
POS5,s2,die,Srl,22010
POS5,s2,die,Amj,15176
POS5,s2,die,Ctw,98370
POS5,s2,die,Bhw,7896
POS5,s2,pet,Chr,1254
POS5,s2,pet,Brt,5330
POS5,s2,pet,Srl,990
POS5,s2,pet,Amj,2294
POS5,s2,pet,Ctw,3630
POS5,s2,pet,Ktm,760
POS5,s2,pet,Pkr,10760
POS5,s2,pet,Bhw,32104
POS5,s2,pet,Npj,760
POS5,s2,pet,Dhn,760
POS6,s2,die,Chr,38746
POS6,s2,die,Srl,22010
POS6,s2,die,Amj,15176
POS6,s2,die,Ctw,98370
POS6,s2,die,Bhw,7896
POS6,s2,pet,Chr,1254
POS6,s2,pet,Brt,5330
POS6,s2,pet,Srl,990
POS6,s2,pet,Amj,2294
POS6,s2,pet,Ctw,3630
POS6,s2,pet,Ktm,760
POS6,s2,pet,Pkr,10760
POS6,s2,pet,Bhw,32104
POS6,s2,pet,Npj,760
POS6,s2,pet,Dhn,760
POS7,s2,die,Chr,38746
POS7,s2,die,Srl,22010
POS7,s2,die,Amj,15176
POS7,s2,die,Ctw,98370
POS7,s2,die,Bhw,7896
POS7,s2,pet,Chr,1254
POS7,s2,pet,Brt,5330
POS7,s2,pet,Srl,990
POS7,s2,pet,Amj,2294
POS7,s2,pet,Ctw,3630
POS7,s2,pet,Ktm,760
POS7,s2,pet,Pkr,10760
POS7,s2,pet,Bhw,32104
POS7,s2,pet,Npj,760
POS7,s2,pet,Dhn,760
POS8,s2,die,Chr,38746
POS8,s2,die,Srl,22010
POS8,s2,die,Amj,15176
POS8,s2,die,Ctw,98370
POS8,s2,die,Bhw,7896
POS8,s2,pet,Chr,1254
POS8,s2,pet,Brt,5330
POS8,s2,pet,Srl,990
POS8,s2,pet,Amj,2294
POS8,s2,pet,Ctw,3630
POS8,s2,pet,Ktm,760
POS8,s2,pet,Pkr,10760
POS8,s2,pet,Bhw,32104
POS8,s2,pet,Npj,760
POS8,s2,pet,Dhn,760
POS9,s2,die,Chr,38746
POS9,s2,die,Srl,22010
POS9,s2,die,Amj,15176
POS9,s2,die,Ctw,98370
POS9,s2,die,Bhw,7896
POS9,s2,pet,Chr,1254
POS9,s2,pet,Brt,5330
POS9,s2,pet,Srl,990
POS9,s2,pet,Amj,2294
POS9,s2,pet,Ctw,3630
POS9,s2,pet,Ktm,760
POS9,s2,pet,Pkr,10760
POS9,s2,pet,Bhw,32104
POS9,s2,pet,Npj,760
POS9,s2,pet,Dhn,760
POS10,s2,die,Chr,38746
POS10,s2,die,Srl,22010
POS10,s2,die,Amj,15176
POS10,s2,die,Ctw,98370
POS10,s2,die,Bhw,7896
POS10,s2,pet,Chr,1254
POS10,s2,pet,Brt,5330
POS10,s2,pet,Srl,990
POS10,s2,pet,Amj,2294
POS10,s2,pet,Ctw,3630
POS10,s2,pet,Ktm,760
POS10,s2,pet,Pkr,10760
POS10,s2,pet,Bhw,32104
POS10,s2,pet,Npj,760
POS10,s2,pet,Dhn,760
POS11,s2,die,Chr,38650
POS11,s2,die,Srl,22010
POS11,s2,die,Amj,15074
POS11,s2,die,Ctw,98370
POS11,s2,die,Ktm,760
POS11,s2,die,Bhw,7896
POS11,s2,pet,Chr,1350
POS11,s2,pet,Brt,5330
POS11,s2,pet,Srl,990
POS11,s2,pet,Amj,2396
POS11,s2,pet,Ctw,3630
POS11,s2,pet,Pkr,10760
POS11,s2,pet,Bhw,32104
POS11,s2,pet,Npj,760
POS11,s2,pet,Dhn,760
POS12,s2,die,Chr,38560
POS12,s2,die,Srl,22010
POS12,s2,die,Amj,15074
POS12,s2,die,Ctw,98370
POS12,s2,die,Bhw,7896
POS12,s2,pet,Chr,1440
POS12,s2,pet,Brt,5330
POS12,s2,pet,Srl,990
POS12,s2,pet,Amj,2396
POS12,s2,pet,Ctw,3630
POS12,s2,pet,Ktm,760
POS12,s2,pet,Pkr,10760
POS12,s2,pet,Bhw,32104
POS12,s2,pet,Npj,760
POS12,s2,pet,Dhn,760
POS13,s2,die,Chr,38560
POS13,s2,die,Srl,22010
POS13,s2,die,Amj,15074
POS13,s2,die,Ctw,98370
POS13,s2,die,Bhw,7896
POS13,s2,pet,Chr,1440
POS13,s2,pet,Brt,5330
POS13,s2,pet,Srl,990
POS13,s2,pet,Amj,2396
POS13,s2,pet,Ctw,3630
POS13,s2,pet,Ktm,760
POS13,s2,pet,Pkr,10760
POS13,s2,pet,Bhw,32104
POS13,s2,pet,Npj,760
POS13,s2,pet,Dhn,760
POS14,s2,die,Chr,38560
POS14,s2,die,Srl,22010
POS14,s2,die,Amj,15074
POS14,s2,die,Ctw,98370
POS14,s2,die,Bhw,7896
POS14,s2,pet,Chr,1440
POS14,s2,pet,Brt,5330
POS14,s2,pet,Srl,990
POS14,s2,pet,Amj,2396
POS14,s2,pet,Ctw,3630
POS14,s2,pet,Ktm,760
POS14,s2,pet,Pkr,10760
POS14,s2,pet,Bhw,32104
POS14,s2,pet,Npj,760
POS14,s2,pet,Dhn,760
POS15,s2,die,Chr,38560
POS15,s2,die,Srl,22010
POS15,s2,die,Amj,15074
POS15,s2,die,Ctw,98370
POS15,s2,die,Bhw,7896
POS15,s2,pet,Chr,1440
POS15,s2,pet,Brt,5330
POS15,s2,pet,Srl,990
POS15,s2,pet,Amj,2396
POS15,s2,pet,Ctw,3630
POS15,s2,pet,Ktm,760
POS15,s2,pet,Pkr,10760
POS15,s2,pet,Bhw,32104
POS15,s2,pet,Npj,760
POS15,s2,pet,Dhn,760
POS16,s2,die,Chr,38560
POS16,s2,die,Srl,22010
POS16,s2,die,Amj,15074
POS16,s2,die,Ctw,98370
POS16,s2,die,Bhw,7896
POS16,s2,pet,Chr,1440
POS16,s2,pet,Brt,5330
POS16,s2,pet,Srl,990
POS16,s2,pet,Amj,2396
POS16,s2,pet,Ctw,3630
POS16,s2,pet,Ktm,760
POS16,s2,pet,Pkr,10760
POS16,s2,pet,Bhw,32104
POS16,s2,pet,Npj,760
POS16,s2,pet,Dhn,760
POS17,s2,die,Chr,38560
POS17,s2,die,Srl,22010
POS17,s2,die,Amj,15074
POS17,s2,die,Ctw,98370
POS17,s2,die,Bhw,7896
POS17,s2,pet,Chr,1440
POS17,s2,pet,Brt,5330
POS17,s2,pet,Srl,990
POS17,s2,pet,Amj,2396
POS17,s2,pet,Ctw,3630
POS17,s2,pet,Ktm,760
POS17,s2,pet,Pkr,10760
POS17,s2,pet,Bhw,32104
POS17,s2,pet,Npj,760
POS17,s2,pet,Dhn,760
POS18,s2,die,Chr,38560
POS18,s2,die,Srl,22010
POS18,s2,die,Amj,15074
POS18,s2,die,Ctw,98370
POS18,s2,die,Bhw,7896
POS18,s2,pet,Chr,1440
POS18,s2,pet,Brt,5330
POS18,s2,pet,Srl,990
POS18,s2,pet,Amj,2396
POS18,s2,pet,Ctw,3630
POS18,s2,pet,Ktm,760
POS18,s2,pet,Pkr,10760
POS18,s2,pet,Bhw,32104
POS18,s2,pet,Npj,760
POS18,s2,pet,Dhn,760
POS19,s2,die,Chr,38560
POS19,s2,die,Srl,22010
POS19,s2,die,Amj,15074
POS19,s2,die,Ctw,98370
POS19,s2,die,Bhw,7896
POS19,s2,pet,Chr,1440
POS19,s2,pet,Brt,5330
POS19,s2,pet,Srl,990
POS19,s2,pet,Amj,2396
POS19,s2,pet,Ctw,3630
POS19,s2,pet,Ktm,760
POS19,s2,pet,Pkr,10760
POS19,s2,pet,Bhw,32104
POS19,s2,pet,Npj,760
POS19,s2,pet,Dhn,760
POS20,s2,die,Chr,38560
POS20,s2,die,Srl,22010
POS20,s2,die,Amj,15074
POS20,s2,die,Ctw,98304
POS20,s2,die,Bhw,7896
POS20,s2,pet,Chr,1440
POS20,s2,pet,Brt,5330
POS20,s2,pet,Srl,990
POS20,s2,pet,Amj,2396
POS20,s2,pet,Ctw,3696
POS20,s2,pet,Ktm,760
POS20,s2,pet,Pkr,10760
POS20,s2,pet,Bhw,32104
POS20,s2,pet,Npj,760
POS20,s2,pet,Dhn,760
POS1,s3,die,Chr,38803
POS1,s3,die,Brt,3634
POS1,s3,die,Srl,22055
POS1,s3,die,Amj,15683
POS1,s3,die,Ctw,98535
POS1,s3,die,Bhw,7560
POS1,s3,pet,Chr,1197
POS1,s3,pet,Brt,1696
POS1,s3,pet,Srl,945
POS1,s3,pet,Amj,1787
POS1,s3,pet,Ctw,3465
POS1,s3,pet,Ktm,760
POS1,s3,pet,Pkr,10760
POS1,s3,pet,Bhw,32440
POS1,s3,pet,Npj,760
POS1,s3,pet,Dhn,760
POS2,s3,die,Chr,38803
POS2,s3,die,Brt,3634
POS2,s3,die,Srl,22055
POS2,s3,die,Amj,15683
POS2,s3,die,Ctw,98535
POS2,s3,die,Bhw,7560
POS2,s3,pet,Chr,1197
POS2,s3,pet,Brt,1696
POS2,s3,pet,Srl,945
POS2,s3,pet,Amj,1787
POS2,s3,pet,Ctw,3465
POS2,s3,pet,Ktm,760
POS2,s3,pet,Pkr,10760
POS2,s3,pet,Bhw,32440
POS2,s3,pet,Npj,760
POS2,s3,pet,Dhn,760
POS3,s3,die,Chr,38803
POS3,s3,die,Brt,3634
POS3,s3,die,Srl,22055
POS3,s3,die,Amj,15683
POS3,s3,die,Ctw,98535
POS3,s3,die,Bhw,7560
POS3,s3,pet,Chr,1197
POS3,s3,pet,Brt,1696
POS3,s3,pet,Srl,945
POS3,s3,pet,Amj,1787
POS3,s3,pet,Ctw,3465
POS3,s3,pet,Ktm,760
POS3,s3,pet,Pkr,10760
POS3,s3,pet,Bhw,32440
POS3,s3,pet,Npj,760
POS3,s3,pet,Dhn,760
POS4,s3,die,Chr,38803
POS4,s3,die,Brt,3634
POS4,s3,die,Srl,22055
POS4,s3,die,Amj,15683
POS4,s3,die,Ctw,98535
POS4,s3,die,Bhw,7560
POS4,s3,pet,Chr,1197
POS4,s3,pet,Brt,1696
POS4,s3,pet,Srl,945
POS4,s3,pet,Amj,1787
POS4,s3,pet,Ctw,3465
POS4,s3,pet,Ktm,760
POS4,s3,pet,Pkr,10760
POS4,s3,pet,Bhw,32440
POS4,s3,pet,Npj,760
POS4,s3,pet,Dhn,760
POS5,s3,die,Chr,38803
POS5,s3,die,Brt,3634
POS5,s3,die,Srl,22055
POS5,s3,die,Amj,15683
POS5,s3,die,Ctw,98535
POS5,s3,die,Bhw,7560
POS5,s3,pet,Chr,1197
POS5,s3,pet,Brt,1696
POS5,s3,pet,Srl,945
POS5,s3,pet,Amj,1787
POS5,s3,pet,Ctw,3465
POS5,s3,pet,Ktm,760
POS5,s3,pet,Pkr,10760
POS5,s3,pet,Bhw,32440
POS5,s3,pet,Npj,760
POS5,s3,pet,Dhn,760
POS6,s3,die,Chr,38803
POS6,s3,die,Brt,3949
POS6,s3,die,Srl,22055
POS6,s3,die,Amj,15368
POS6,s3,die,Ctw,98535
POS6,s3,die,Bhw,7560
POS6,s3,pet,Chr,1197
POS6,s3,pet,Brt,1381
POS6,s3,pet,Srl,945
POS6,s3,pet,Amj,2102
POS6,s3,pet,Ctw,3465
POS6,s3,pet,Ktm,760
POS6,s3,pet,Pkr,10760
POS6,s3,pet,Bhw,32440
POS6,s3,pet,Npj,760
POS6,s3,pet,Dhn,760
POS7,s3,die,Chr,38803
POS7,s3,die,Brt,3949
POS7,s3,die,Srl,22055
POS7,s3,die,Amj,15368
POS7,s3,die,Ctw,98535
POS7,s3,die,Bhw,7560
POS7,s3,pet,Chr,1197
POS7,s3,pet,Brt,1381
POS7,s3,pet,Srl,945
POS7,s3,pet,Amj,2102
POS7,s3,pet,Ctw,3465
POS7,s3,pet,Ktm,760
POS7,s3,pet,Pkr,10760
POS7,s3,pet,Bhw,32440
POS7,s3,pet,Npj,760
POS7,s3,pet,Dhn,760
POS8,s3,die,Chr,38803
POS8,s3,die,Brt,3949
POS8,s3,die,Srl,22055
POS8,s3,die,Amj,15368
POS8,s3,die,Ctw,98535
POS8,s3,die,Bhw,7560
POS8,s3,pet,Chr,1197
POS8,s3,pet,Brt,1381
POS8,s3,pet,Srl,945
POS8,s3,pet,Amj,2102
POS8,s3,pet,Ctw,3465
POS8,s3,pet,Ktm,760
POS8,s3,pet,Pkr,10760
POS8,s3,pet,Bhw,32440
POS8,s3,pet,Npj,760
POS8,s3,pet,Dhn,760
POS9,s3,die,Chr,38803
POS9,s3,die,Brt,3949
POS9,s3,die,Srl,22055
POS9,s3,die,Amj,15368
POS9,s3,die,Ctw,98535
POS9,s3,die,Bhw,7560
POS9,s3,pet,Chr,1197
POS9,s3,pet,Brt,1381
POS9,s3,pet,Srl,945
POS9,s3,pet,Amj,2102
POS9,s3,pet,Ctw,3465
POS9,s3,pet,Ktm,760
POS9,s3,pet,Pkr,10760
POS9,s3,pet,Bhw,32440
POS9,s3,pet,Npj,760
POS9,s3,pet,Dhn,760
POS10,s3,die,Chr,38803
POS10,s3,die,Brt,3949
POS10,s3,die,Srl,22055
POS10,s3,die,Amj,15368
POS10,s3,die,Ctw,98535
POS10,s3,die,Bhw,7560
POS10,s3,pet,Chr,1197
POS10,s3,pet,Brt,1381
POS10,s3,pet,Srl,945
POS10,s3,pet,Amj,2102
POS10,s3,pet,Ctw,3465
POS10,s3,pet,Ktm,760
POS10,s3,pet,Pkr,10760
POS10,s3,pet,Bhw,32440
POS10,s3,pet,Npj,760
POS10,s3,pet,Dhn,760
POS11,s3,die,Chr,38803
POS11,s3,die,Brt,4201
POS11,s3,die,Srl,22055
POS11,s3,die,Amj,15179
POS11,s3,die,Ctw,98472
POS11,s3,die,Bhw,7560
POS11,s3,pet,Chr,1197
POS11,s3,pet,Brt,1129
POS11,s3,pet,Srl,945
POS11,s3,pet,Amj,2291
POS11,s3,pet,Ctw,3528
POS11,s3,pet,Ktm,760
POS11,s3,pet,Pkr,10760
POS11,s3,pet,Bhw,32440
POS11,s3,pet,Npj,760
POS11,s3,pet,Dhn,760
POS12,s3,die,Chr,38560
POS12,s3,die,Brt,4252
POS12,s3,die,Srl,22055
POS12,s3,die,Amj,15179
POS12,s3,die,Ctw,98472
POS12,s3,die,Bhw,7560
POS12,s3,pet,Chr,1440
POS12,s3,pet,Brt,1078
POS12,s3,pet,Srl,945
POS12,s3,pet,Amj,2291
POS12,s3,pet,Ctw,3528
POS12,s3,pet,Ktm,760
POS12,s3,pet,Pkr,10760
POS12,s3,pet,Bhw,32440
POS12,s3,pet,Npj,760
POS12,s3,pet,Dhn,760
POS13,s3,die,Chr,38034
POS13,s3,die,Brt,4252
POS13,s3,die,Srl,22055
POS13,s3,die,Amj,15179
POS13,s3,die,Ctw,98472
POS13,s3,die,Bhw,7560
POS13,s3,die,Npj,718
POS13,s3,pet,Chr,1966
POS13,s3,pet,Brt,1078
POS13,s3,pet,Srl,945
POS13,s3,pet,Amj,2291
POS13,s3,pet,Ctw,3528
POS13,s3,pet,Ktm,760
POS13,s3,pet,Pkr,10760
POS13,s3,pet,Bhw,32440
POS13,s3,pet,Npj,42
POS13,s3,pet,Dhn,760
POS14,s3,die,Chr,38560
POS14,s3,die,Brt,4252
POS14,s3,die,Srl,22055
POS14,s3,die,Amj,15179
POS14,s3,die,Ctw,98472
POS14,s3,die,Bhw,7560
POS14,s3,pet,Chr,1440
POS14,s3,pet,Brt,1078
POS14,s3,pet,Srl,945
POS14,s3,pet,Amj,2291
POS14,s3,pet,Ctw,3528
POS14,s3,pet,Ktm,760
POS14,s3,pet,Pkr,10760
POS14,s3,pet,Bhw,32440
POS14,s3,pet,Npj,760
POS14,s3,pet,Dhn,760
POS15,s3,die,Chr,38560
POS15,s3,die,Brt,4252
POS15,s3,die,Srl,22055
POS15,s3,die,Amj,15107
POS15,s3,die,Ctw,98400
POS15,s3,die,Bhw,7560
POS15,s3,pet,Chr,1440
POS15,s3,pet,Brt,1078
POS15,s3,pet,Srl,945
POS15,s3,pet,Amj,2363
POS15,s3,pet,Ctw,3600
POS15,s3,pet,Ktm,760
POS15,s3,pet,Pkr,10760
POS15,s3,pet,Bhw,32440
POS15,s3,pet,Npj,760
POS15,s3,pet,Dhn,760
POS16,s3,die,Chr,38560
POS16,s3,die,Brt,4252
POS16,s3,die,Srl,22055
POS16,s3,die,Amj,15107
POS16,s3,die,Ctw,98400
POS16,s3,die,Bhw,7560
POS16,s3,pet,Chr,1440
POS16,s3,pet,Brt,1078
POS16,s3,pet,Srl,945
POS16,s3,pet,Amj,2363
POS16,s3,pet,Ctw,3600
POS16,s3,pet,Ktm,760
POS16,s3,pet,Pkr,10760
POS16,s3,pet,Bhw,32440
POS16,s3,pet,Npj,760
POS16,s3,pet,Dhn,760
POS17,s3,die,Chr,38560
POS17,s3,die,Brt,4252
POS17,s3,die,Srl,22055
POS17,s3,die,Amj,15107
POS17,s3,die,Ctw,98400
POS17,s3,die,Bhw,7560
POS17,s3,pet,Chr,1440
POS17,s3,pet,Brt,1078
POS17,s3,pet,Srl,945
POS17,s3,pet,Amj,2363
POS17,s3,pet,Ctw,3600
POS17,s3,pet,Ktm,760
POS17,s3,pet,Pkr,10760
POS17,s3,pet,Bhw,32440
POS17,s3,pet,Npj,760
POS17,s3,pet,Dhn,760
POS18,s3,die,Chr,38560
POS18,s3,die,Brt,4252
POS18,s3,die,Srl,22055
POS18,s3,die,Amj,15107
POS18,s3,die,Ctw,98400
POS18,s3,die,Bhw,7560
POS18,s3,pet,Chr,1440
POS18,s3,pet,Brt,1078
POS18,s3,pet,Srl,945
POS18,s3,pet,Amj,2363
POS18,s3,pet,Ctw,3600
POS18,s3,pet,Ktm,760
POS18,s3,pet,Pkr,10760
POS18,s3,pet,Bhw,32440
POS18,s3,pet,Npj,760
POS18,s3,pet,Dhn,760
POS19,s3,die,Chr,38560
POS19,s3,die,Brt,4252
POS19,s3,die,Srl,22055
POS19,s3,die,Amj,15107
POS19,s3,die,Ctw,98400
POS19,s3,die,Bhw,7560
POS19,s3,pet,Chr,1440
POS19,s3,pet,Brt,1078
POS19,s3,pet,Srl,945
POS19,s3,pet,Amj,2363
POS19,s3,pet,Ctw,3600
POS19,s3,pet,Ktm,760
POS19,s3,pet,Pkr,10760
POS19,s3,pet,Bhw,32440
POS19,s3,pet,Npj,760
POS19,s3,pet,Dhn,760
POS20,s3,die,Chr,38560
POS20,s3,die,Brt,4252
POS20,s3,die,Srl,22055
POS20,s3,die,Amj,15107
POS20,s3,die,Ctw,98400
POS20,s3,die,Bhw,7560
POS20,s3,pet,Chr,1440
POS20,s3,pet,Brt,1078
POS20,s3,pet,Srl,945
POS20,s3,pet,Amj,2363
POS20,s3,pet,Ctw,3600
POS20,s3,pet,Ktm,760
POS20,s3,pet,Pkr,10760
POS20,s3,pet,Bhw,32440
POS20,s3,pet,Npj,760
POS20,s3,pet,Dhn,760
POS1,s4,die,Chr,38746
POS1,s4,die,Srl,22010
POS1,s4,die,Amj,15506
POS1,s4,die,Ctw,98370
POS1,s4,die,Bhw,7896
POS1,s4,pet,Chr,1254
POS1,s4,pet,Brt,5330
POS1,s4,pet,Srl,990
POS1,s4,pet,Amj,1964
POS1,s4,pet,Ctw,3630
POS1,s4,pet,Ktm,760
POS1,s4,pet,Pkr,10760
POS1,s4,pet,Bhw,32104
POS1,s4,pet,Npj,760
POS1,s4,pet,Dhn,760
POS2,s4,die,Chr,38746
POS2,s4,die,Srl,22010
POS2,s4,die,Amj,15506
POS2,s4,die,Ctw,98370
POS2,s4,die,Bhw,7896
POS2,s4,pet,Chr,1254
POS2,s4,pet,Brt,5330
POS2,s4,pet,Srl,990
POS2,s4,pet,Amj,1964
POS2,s4,pet,Ctw,3630
POS2,s4,pet,Ktm,760
POS2,s4,pet,Pkr,10760
POS2,s4,pet,Bhw,32104
POS2,s4,pet,Npj,760
POS2,s4,pet,Dhn,760
POS3,s4,die,Chr,38746
POS3,s4,die,Srl,22010
POS3,s4,die,Amj,15506
POS3,s4,die,Ctw,98370
POS3,s4,die,Bhw,7896
POS3,s4,pet,Chr,1254
POS3,s4,pet,Brt,5330
POS3,s4,pet,Srl,990
POS3,s4,pet,Amj,1964
POS3,s4,pet,Ctw,3630
POS3,s4,pet,Ktm,760
POS3,s4,pet,Pkr,10760
POS3,s4,pet,Bhw,32104
POS3,s4,pet,Npj,760
POS3,s4,pet,Dhn,760
POS4,s4,die,Chr,38746
POS4,s4,die,Srl,22010
POS4,s4,die,Amj,15506
POS4,s4,die,Ctw,98370
POS4,s4,die,Bhw,7896
POS4,s4,pet,Chr,1254
POS4,s4,pet,Brt,5330
POS4,s4,pet,Srl,990
POS4,s4,pet,Amj,1964
POS4,s4,pet,Ctw,3630
POS4,s4,pet,Ktm,760
POS4,s4,pet,Pkr,10760
POS4,s4,pet,Bhw,32104
POS4,s4,pet,Npj,760
POS4,s4,pet,Dhn,760
POS5,s4,die,Chr,38746
POS5,s4,die,Srl,22010
POS5,s4,die,Amj,15176
POS5,s4,die,Ctw,98370
POS5,s4,die,Bhw,7896
POS5,s4,pet,Chr,1254
POS5,s4,pet,Brt,5330
POS5,s4,pet,Srl,990
POS5,s4,pet,Amj,2294
POS5,s4,pet,Ctw,3630
POS5,s4,pet,Ktm,760
POS5,s4,pet,Pkr,10760
POS5,s4,pet,Bhw,32104
POS5,s4,pet,Npj,760
POS5,s4,pet,Dhn,760
POS6,s4,die,Chr,38746
POS6,s4,die,Srl,22010
POS6,s4,die,Amj,15176
POS6,s4,die,Ctw,98370
POS6,s4,die,Bhw,7896
POS6,s4,pet,Chr,1254
POS6,s4,pet,Brt,5330
POS6,s4,pet,Srl,990
POS6,s4,pet,Amj,2294
POS6,s4,pet,Ctw,3630
POS6,s4,pet,Ktm,760
POS6,s4,pet,Pkr,10760
POS6,s4,pet,Bhw,32104
POS6,s4,pet,Npj,760
POS6,s4,pet,Dhn,760
POS7,s4,die,Chr,38746
POS7,s4,die,Srl,22010
POS7,s4,die,Amj,15176
POS7,s4,die,Ctw,98370
POS7,s4,die,Bhw,7896
POS7,s4,pet,Chr,1254
POS7,s4,pet,Brt,5330
POS7,s4,pet,Srl,990
POS7,s4,pet,Amj,2294
POS7,s4,pet,Ctw,3630
POS7,s4,pet,Ktm,760
POS7,s4,pet,Pkr,10760
POS7,s4,pet,Bhw,32104
POS7,s4,pet,Npj,760
POS7,s4,pet,Dhn,760
POS8,s4,die,Chr,38746
POS8,s4,die,Srl,22010
POS8,s4,die,Amj,15176
POS8,s4,die,Ctw,98370
POS8,s4,die,Bhw,7896
POS8,s4,pet,Chr,1254
POS8,s4,pet,Brt,5330
POS8,s4,pet,Srl,990
POS8,s4,pet,Amj,2294
POS8,s4,pet,Ctw,3630
POS8,s4,pet,Ktm,760
POS8,s4,pet,Pkr,10760
POS8,s4,pet,Bhw,32104
POS8,s4,pet,Npj,760
POS8,s4,pet,Dhn,760
POS9,s4,die,Chr,38746
POS9,s4,die,Srl,22010
POS9,s4,die,Amj,15176
POS9,s4,die,Ctw,98370
POS9,s4,die,Bhw,7896
POS9,s4,pet,Chr,1254
POS9,s4,pet,Brt,5330
POS9,s4,pet,Srl,990
POS9,s4,pet,Amj,2294
POS9,s4,pet,Ctw,3630
POS9,s4,pet,Ktm,760
POS9,s4,pet,Pkr,10760
POS9,s4,pet,Bhw,32104
POS9,s4,pet,Npj,760
POS9,s4,pet,Dhn,760
POS10,s4,die,Chr,38746
POS10,s4,die,Srl,22010
POS10,s4,die,Amj,15127
POS10,s4,die,Ctw,98370
POS10,s4,die,Bhw,7896
POS10,s4,pet,Chr,1254
POS10,s4,pet,Brt,5330
POS10,s4,pet,Srl,990
POS10,s4,pet,Amj,2343
POS10,s4,pet,Ctw,3630
POS10,s4,pet,Ktm,760
POS10,s4,pet,Pkr,10760
POS10,s4,pet,Bhw,32104
POS10,s4,pet,Npj,760
POS10,s4,pet,Dhn,760
POS11,s4,die,Chr,38650
POS11,s4,die,Srl,22010
POS11,s4,die,Amj,15074
POS11,s4,die,Ctw,98370
POS11,s4,die,Ktm,760
POS11,s4,die,Bhw,7896
POS11,s4,pet,Chr,1350
POS11,s4,pet,Brt,5330
POS11,s4,pet,Srl,990
POS11,s4,pet,Amj,2396
POS11,s4,pet,Ctw,3630
POS11,s4,pet,Pkr,10760
POS11,s4,pet,Bhw,32104
POS11,s4,pet,Npj,760
POS11,s4,pet,Dhn,760
POS12,s4,die,Chr,38560
POS12,s4,die,Srl,22010
POS12,s4,die,Amj,15074
POS12,s4,die,Ctw,98370
POS12,s4,die,Bhw,7896
POS12,s4,pet,Chr,1440
POS12,s4,pet,Brt,5330
POS12,s4,pet,Srl,990
POS12,s4,pet,Amj,2396
POS12,s4,pet,Ctw,3630
POS12,s4,pet,Ktm,760
POS12,s4,pet,Pkr,10760
POS12,s4,pet,Bhw,32104
POS12,s4,pet,Npj,760
POS12,s4,pet,Dhn,760
POS13,s4,die,Chr,38560
POS13,s4,die,Srl,22010
POS13,s4,die,Amj,15074
POS13,s4,die,Ctw,98370
POS13,s4,die,Bhw,7896
POS13,s4,pet,Chr,1440
POS13,s4,pet,Brt,5330
POS13,s4,pet,Srl,990
POS13,s4,pet,Amj,2396
POS13,s4,pet,Ctw,3630
POS13,s4,pet,Ktm,760
POS13,s4,pet,Pkr,10760
POS13,s4,pet,Bhw,32104
POS13,s4,pet,Npj,760
POS13,s4,pet,Dhn,760
POS14,s4,die,Chr,38560
POS14,s4,die,Srl,22010
POS14,s4,die,Amj,15074
POS14,s4,die,Ctw,98370
POS14,s4,die,Bhw,7896
POS14,s4,pet,Chr,1440
POS14,s4,pet,Brt,5330
POS14,s4,pet,Srl,990
POS14,s4,pet,Amj,2396
POS14,s4,pet,Ctw,3630
POS14,s4,pet,Ktm,760
POS14,s4,pet,Pkr,10760
POS14,s4,pet,Bhw,32104
POS14,s4,pet,Npj,760
POS14,s4,pet,Dhn,760
POS15,s4,die,Chr,38560
POS15,s4,die,Srl,22010
POS15,s4,die,Amj,15074
POS15,s4,die,Ctw,98370
POS15,s4,die,Bhw,7896
POS15,s4,pet,Chr,1440
POS15,s4,pet,Brt,5330
POS15,s4,pet,Srl,990
POS15,s4,pet,Amj,2396
POS15,s4,pet,Ctw,3630
POS15,s4,pet,Ktm,760
POS15,s4,pet,Pkr,10760
POS15,s4,pet,Bhw,32104
POS15,s4,pet,Npj,760
POS15,s4,pet,Dhn,760
POS16,s4,die,Chr,38560
POS16,s4,die,Srl,22010
POS16,s4,die,Amj,15074
POS16,s4,die,Ctw,98370
POS16,s4,die,Bhw,7896
POS16,s4,pet,Chr,1440
POS16,s4,pet,Brt,5330
POS16,s4,pet,Srl,990
POS16,s4,pet,Amj,2396
POS16,s4,pet,Ctw,3630
POS16,s4,pet,Ktm,760
POS16,s4,pet,Pkr,10760
POS16,s4,pet,Bhw,32104
POS16,s4,pet,Npj,760
POS16,s4,pet,Dhn,760
POS17,s4,die,Chr,38560
POS17,s4,die,Srl,22010
POS17,s4,die,Amj,15074
POS17,s4,die,Ctw,98370
POS17,s4,die,Bhw,7896
POS17,s4,pet,Chr,1440
POS17,s4,pet,Brt,5330
POS17,s4,pet,Srl,990
POS17,s4,pet,Amj,2396
POS17,s4,pet,Ctw,3630
POS17,s4,pet,Ktm,760
POS17,s4,pet,Pkr,10760
POS17,s4,pet,Bhw,32104
POS17,s4,pet,Npj,760
POS17,s4,pet,Dhn,760
POS18,s4,die,Chr,38560
POS18,s4,die,Srl,22010
POS18,s4,die,Amj,15074
POS18,s4,die,Ctw,98370
POS18,s4,die,Bhw,7896
POS18,s4,pet,Chr,1440
POS18,s4,pet,Brt,5330
POS18,s4,pet,Srl,990
POS18,s4,pet,Amj,2396
POS18,s4,pet,Ctw,3630
POS18,s4,pet,Ktm,760
POS18,s4,pet,Pkr,10760
POS18,s4,pet,Bhw,32104
POS18,s4,pet,Npj,760
POS18,s4,pet,Dhn,760
POS19,s4,die,Chr,38560
POS19,s4,die,Srl,22010
POS19,s4,die,Amj,15074
POS19,s4,die,Ctw,98370
POS19,s4,die,Bhw,7896
POS19,s4,pet,Chr,1440
POS19,s4,pet,Brt,5330
POS19,s4,pet,Srl,990
POS19,s4,pet,Amj,2396
POS19,s4,pet,Ctw,3630
POS19,s4,pet,Ktm,760
POS19,s4,pet,Pkr,10760
POS19,s4,pet,Bhw,32104
POS19,s4,pet,Npj,760
POS19,s4,pet,Dhn,760
POS20,s4,die,Chr,38560
POS20,s4,die,Srl,22010
POS20,s4,die,Amj,15074
POS20,s4,die,Ctw,98304
POS20,s4,die,Bhw,7896
POS20,s4,pet,Chr,1440
POS20,s4,pet,Brt,5330
POS20,s4,pet,Srl,990
POS20,s4,pet,Amj,2396
POS20,s4,pet,Ctw,3696
POS20,s4,pet,Ktm,760
POS20,s4,pet,Pkr,10760
POS20,s4,pet,Bhw,32104
POS20,s4,pet,Npj,760
POS20,s4,pet,Dhn,760
POS1,s5,die,Chr,38784
POS1,s5,die,Brt,2740
POS1,s5,die,Srl,22040
POS1,s5,die,Amj,15624
POS1,s5,die,Ctw,98480
POS1,s5,die,Bhw,7602
POS1,s5,pet,Chr,1216
POS1,s5,pet,Brt,2590
POS1,s5,pet,Srl,960
POS1,s5,pet,Amj,1846
POS1,s5,pet,Ctw,3520
POS1,s5,pet,Ktm,760
POS1,s5,pet,Pkr,10760
POS1,s5,pet,Bhw,32398
POS1,s5,pet,Npj,760
POS1,s5,pet,Dhn,760
POS2,s5,die,Chr,38784
POS2,s5,die,Brt,2740
POS2,s5,die,Srl,22040
POS2,s5,die,Amj,15624
POS2,s5,die,Ctw,98480
POS2,s5,die,Bhw,7602
POS2,s5,pet,Chr,1216
POS2,s5,pet,Brt,2590
POS2,s5,pet,Srl,960
POS2,s5,pet,Amj,1846
POS2,s5,pet,Ctw,3520
POS2,s5,pet,Ktm,760
POS2,s5,pet,Pkr,10760
POS2,s5,pet,Bhw,32398
POS2,s5,pet,Npj,760
POS2,s5,pet,Dhn,760
POS3,s5,die,Chr,38784
POS3,s5,die,Brt,2740
POS3,s5,die,Srl,22040
POS3,s5,die,Amj,15624
POS3,s5,die,Ctw,98480
POS3,s5,die,Bhw,7602
POS3,s5,pet,Chr,1216
POS3,s5,pet,Brt,2590
POS3,s5,pet,Srl,960
POS3,s5,pet,Amj,1846
POS3,s5,pet,Ctw,3520
POS3,s5,pet,Ktm,760
POS3,s5,pet,Pkr,10760
POS3,s5,pet,Bhw,32398
POS3,s5,pet,Npj,760
POS3,s5,pet,Dhn,760
POS4,s5,die,Chr,38784
POS4,s5,die,Brt,2740
POS4,s5,die,Srl,22040
POS4,s5,die,Amj,15624
POS4,s5,die,Ctw,98480
POS4,s5,die,Bhw,7602
POS4,s5,pet,Chr,1216
POS4,s5,pet,Brt,2590
POS4,s5,pet,Srl,960
POS4,s5,pet,Amj,1846
POS4,s5,pet,Ctw,3520
POS4,s5,pet,Ktm,760
POS4,s5,pet,Pkr,10760
POS4,s5,pet,Bhw,32398
POS4,s5,pet,Npj,760
POS4,s5,pet,Dhn,760
POS5,s5,die,Chr,38784
POS5,s5,die,Brt,3060
POS5,s5,die,Srl,22040
POS5,s5,die,Amj,15304
POS5,s5,die,Ctw,98480
POS5,s5,die,Bhw,7602
POS5,s5,pet,Chr,1216
POS5,s5,pet,Brt,2270
POS5,s5,pet,Srl,960
POS5,s5,pet,Amj,2166
POS5,s5,pet,Ctw,3520
POS5,s5,pet,Ktm,760
POS5,s5,pet,Pkr,10760
POS5,s5,pet,Bhw,32398
POS5,s5,pet,Npj,760
POS5,s5,pet,Dhn,760
POS6,s5,die,Chr,38784
POS6,s5,die,Brt,3060
POS6,s5,die,Srl,22040
POS6,s5,die,Amj,15304
POS6,s5,die,Ctw,98480
POS6,s5,die,Bhw,7602
POS6,s5,pet,Chr,1216
POS6,s5,pet,Brt,2270
POS6,s5,pet,Srl,960
POS6,s5,pet,Amj,2166
POS6,s5,pet,Ctw,3520
POS6,s5,pet,Ktm,760
POS6,s5,pet,Pkr,10760
POS6,s5,pet,Bhw,32398
POS6,s5,pet,Npj,760
POS6,s5,pet,Dhn,760
POS7,s5,die,Chr,38784
POS7,s5,die,Brt,3060
POS7,s5,die,Srl,22040
POS7,s5,die,Amj,15304
POS7,s5,die,Ctw,98480
POS7,s5,die,Bhw,7602
POS7,s5,pet,Chr,1216
POS7,s5,pet,Brt,2270
POS7,s5,pet,Srl,960
POS7,s5,pet,Amj,2166
POS7,s5,pet,Ctw,3520
POS7,s5,pet,Ktm,760
POS7,s5,pet,Pkr,10760
POS7,s5,pet,Bhw,32398
POS7,s5,pet,Npj,760
POS7,s5,pet,Dhn,760
POS8,s5,die,Chr,38784
POS8,s5,die,Brt,3060
POS8,s5,die,Srl,22040
POS8,s5,die,Amj,15304
POS8,s5,die,Ctw,98480
POS8,s5,die,Bhw,7602
POS8,s5,pet,Chr,1216
POS8,s5,pet,Brt,2270
POS8,s5,pet,Srl,960
POS8,s5,pet,Amj,2166
POS8,s5,pet,Ctw,3520
POS8,s5,pet,Ktm,760
POS8,s5,pet,Pkr,10760
POS8,s5,pet,Bhw,32398
POS8,s5,pet,Npj,760
POS8,s5,pet,Dhn,760
POS9,s5,die,Chr,38784
POS9,s5,die,Brt,3060
POS9,s5,die,Srl,22040
POS9,s5,die,Amj,15304
POS9,s5,die,Ctw,98480
POS9,s5,die,Bhw,7602
POS9,s5,pet,Chr,1216
POS9,s5,pet,Brt,2270
POS9,s5,pet,Srl,960
POS9,s5,pet,Amj,2166
POS9,s5,pet,Ctw,3520
POS9,s5,pet,Ktm,760
POS9,s5,pet,Pkr,10760
POS9,s5,pet,Bhw,32398
POS9,s5,pet,Npj,760
POS9,s5,pet,Dhn,760
POS10,s5,die,Chr,38784
POS10,s5,die,Brt,3316
POS10,s5,die,Srl,22040
POS10,s5,die,Amj,15112
POS10,s5,die,Ctw,98416
POS10,s5,die,Bhw,7602
POS10,s5,pet,Chr,1216
POS10,s5,pet,Brt,2014
POS10,s5,pet,Srl,960
POS10,s5,pet,Amj,2358
POS10,s5,pet,Ctw,3584
POS10,s5,pet,Ktm,760
POS10,s5,pet,Pkr,10760
POS10,s5,pet,Bhw,32398
POS10,s5,pet,Npj,760
POS10,s5,pet,Dhn,760
POS11,s5,die,Chr,38784
POS11,s5,die,Brt,3316
POS11,s5,die,Srl,22040
POS11,s5,die,Amj,15112
POS11,s5,die,Ctw,98416
POS11,s5,die,Bhw,7602
POS11,s5,pet,Chr,1216
POS11,s5,pet,Brt,2014
POS11,s5,pet,Srl,960
POS11,s5,pet,Amj,2358
POS11,s5,pet,Ctw,3584
POS11,s5,pet,Ktm,760
POS11,s5,pet,Pkr,10760
POS11,s5,pet,Bhw,32398
POS11,s5,pet,Npj,760
POS11,s5,pet,Dhn,760
POS12,s5,die,Chr,38560
POS12,s5,die,Brt,3540
POS12,s5,die,Srl,22040
POS12,s5,die,Amj,15112
POS12,s5,die,Ctw,98416
POS12,s5,die,Bhw,7602
POS12,s5,pet,Chr,1440
POS12,s5,pet,Brt,1790
POS12,s5,pet,Srl,960
POS12,s5,pet,Amj,2358
POS12,s5,pet,Ctw,3584
POS12,s5,pet,Ktm,760
POS12,s5,pet,Pkr,10760
POS12,s5,pet,Bhw,32398
POS12,s5,pet,Npj,760
POS12,s5,pet,Dhn,760
POS13,s5,die,Chr,38560
POS13,s5,die,Brt,3540
POS13,s5,die,Srl,22040
POS13,s5,die,Amj,15112
POS13,s5,die,Ctw,98416
POS13,s5,die,Bhw,7602
POS13,s5,pet,Chr,1440
POS13,s5,pet,Brt,1790
POS13,s5,pet,Srl,960
POS13,s5,pet,Amj,2358
POS13,s5,pet,Ctw,3584
POS13,s5,pet,Ktm,760
POS13,s5,pet,Pkr,10760
POS13,s5,pet,Bhw,32398
POS13,s5,pet,Npj,760
POS13,s5,pet,Dhn,760
POS14,s5,die,Chr,38560
POS14,s5,die,Brt,3572
POS14,s5,die,Srl,22040
POS14,s5,die,Amj,15096
POS14,s5,die,Ctw,98400
POS14,s5,die,Bhw,7602
POS14,s5,pet,Chr,1440
POS14,s5,pet,Brt,1758
POS14,s5,pet,Srl,960
POS14,s5,pet,Amj,2374
POS14,s5,pet,Ctw,3600
POS14,s5,pet,Ktm,760
POS14,s5,pet,Pkr,10760
POS14,s5,pet,Bhw,32398
POS14,s5,pet,Npj,760
POS14,s5,pet,Dhn,760
POS15,s5,die,Chr,38560
POS15,s5,die,Brt,3572
POS15,s5,die,Srl,22040
POS15,s5,die,Amj,15096
POS15,s5,die,Ctw,98400
POS15,s5,die,Bhw,7602
POS15,s5,pet,Chr,1440
POS15,s5,pet,Brt,1758
POS15,s5,pet,Srl,960
POS15,s5,pet,Amj,2374
POS15,s5,pet,Ctw,3600
POS15,s5,pet,Ktm,760
POS15,s5,pet,Pkr,10760
POS15,s5,pet,Bhw,32398
POS15,s5,pet,Npj,760
POS15,s5,pet,Dhn,760
POS16,s5,die,Chr,38560
POS16,s5,die,Brt,3572
POS16,s5,die,Srl,22040
POS16,s5,die,Amj,15096
POS16,s5,die,Ctw,98400
POS16,s5,die,Bhw,7602
POS16,s5,pet,Chr,1440
POS16,s5,pet,Brt,1758
POS16,s5,pet,Srl,960
POS16,s5,pet,Amj,2374
POS16,s5,pet,Ctw,3600
POS16,s5,pet,Ktm,760
POS16,s5,pet,Pkr,10760
POS16,s5,pet,Bhw,32398
POS16,s5,pet,Npj,760
POS16,s5,pet,Dhn,760
POS17,s5,die,Chr,38560
POS17,s5,die,Brt,3572
POS17,s5,die,Srl,22040
POS17,s5,die,Amj,15096
POS17,s5,die,Ctw,98400
POS17,s5,die,Bhw,7602
POS17,s5,pet,Chr,1440
POS17,s5,pet,Brt,1758
POS17,s5,pet,Srl,960
POS17,s5,pet,Amj,2374
POS17,s5,pet,Ctw,3600
POS17,s5,pet,Ktm,760
POS17,s5,pet,Pkr,10760
POS17,s5,pet,Bhw,32398
POS17,s5,pet,Npj,760
POS17,s5,pet,Dhn,760
POS18,s5,die,Chr,38560
POS18,s5,die,Brt,3572
POS18,s5,die,Srl,22040
POS18,s5,die,Amj,15096
POS18,s5,die,Ctw,98400
POS18,s5,die,Bhw,7602
POS18,s5,pet,Chr,1440
POS18,s5,pet,Brt,1758
POS18,s5,pet,Srl,960
POS18,s5,pet,Amj,2374
POS18,s5,pet,Ctw,3600
POS18,s5,pet,Ktm,760
POS18,s5,pet,Pkr,10760
POS18,s5,pet,Bhw,32398
POS18,s5,pet,Npj,760
POS18,s5,pet,Dhn,760
POS19,s5,die,Chr,38560
POS19,s5,die,Brt,3572
POS19,s5,die,Srl,22040
POS19,s5,die,Amj,15096
POS19,s5,die,Ctw,98400
POS19,s5,die,Bhw,7602
POS19,s5,pet,Chr,1440
POS19,s5,pet,Brt,1758
POS19,s5,pet,Srl,960
POS19,s5,pet,Amj,2374
POS19,s5,pet,Ctw,3600
POS19,s5,pet,Ktm,760
POS19,s5,pet,Pkr,10760
POS19,s5,pet,Bhw,32398
POS19,s5,pet,Npj,760
POS19,s5,pet,Dhn,760
POS20,s5,die,Chr,38560
POS20,s5,die,Brt,3572
POS20,s5,die,Srl,22040
POS20,s5,die,Amj,15096
POS20,s5,die,Ctw,98400
POS20,s5,die,Bhw,7602
POS20,s5,pet,Chr,1440
POS20,s5,pet,Brt,1758
POS20,s5,pet,Srl,960
POS20,s5,pet,Amj,2374
POS20,s5,pet,Ctw,3600
POS20,s5,pet,Ktm,760
POS20,s5,pet,Pkr,10760
POS20,s5,pet,Bhw,32398
POS20,s5,pet,Npj,760
POS20,s5,pet,Dhn,760
POS1,s6,die,Chr,38841
POS1,s6,die,Brt,4304
POS1,s6,die,Srl,22085
POS1,s6,die,Amj,15800
POS1,s6,die,Ctw,98645
POS1,s6,die,Bhw,7308
POS1,s6,pet,Chr,1159
POS1,s6,pet,Brt,1026
POS1,s6,pet,Srl,915
POS1,s6,pet,Amj,1670
POS1,s6,pet,Ctw,3355
POS1,s6,pet,Ktm,760
POS1,s6,pet,Pkr,10760
POS1,s6,pet,Bhw,32692
POS1,s6,pet,Npj,760
POS1,s6,pet,Dhn,760
POS2,s6,die,Chr,38841
POS2,s6,die,Brt,4304
POS2,s6,die,Srl,22085
POS2,s6,die,Amj,15800
POS2,s6,die,Ctw,98645
POS2,s6,die,Bhw,7308
POS2,s6,pet,Chr,1159
POS2,s6,pet,Brt,1026
POS2,s6,pet,Srl,915
POS2,s6,pet,Amj,1670
POS2,s6,pet,Ctw,3355
POS2,s6,pet,Ktm,760
POS2,s6,pet,Pkr,10760
POS2,s6,pet,Bhw,32692
POS2,s6,pet,Npj,760
POS2,s6,pet,Dhn,760
POS3,s6,die,Chr,38841
POS3,s6,die,Brt,4304
POS3,s6,die,Srl,22085
POS3,s6,die,Amj,15800
POS3,s6,die,Ctw,98645
POS3,s6,die,Bhw,7308
POS3,s6,pet,Chr,1159
POS3,s6,pet,Brt,1026
POS3,s6,pet,Srl,915
POS3,s6,pet,Amj,1670
POS3,s6,pet,Ctw,3355
POS3,s6,pet,Ktm,760
POS3,s6,pet,Pkr,10760
POS3,s6,pet,Bhw,32692
POS3,s6,pet,Npj,760
POS3,s6,pet,Dhn,760
POS4,s6,die,Chr,38841
POS4,s6,die,Brt,4304
POS4,s6,die,Srl,22085
POS4,s6,die,Amj,15800
POS4,s6,die,Ctw,98645
POS4,s6,die,Bhw,7308
POS4,s6,pet,Chr,1159
POS4,s6,pet,Brt,1026
POS4,s6,pet,Srl,915
POS4,s6,pet,Amj,1670
POS4,s6,pet,Ctw,3355
POS4,s6,pet,Ktm,760
POS4,s6,pet,Pkr,10760
POS4,s6,pet,Bhw,32692
POS4,s6,pet,Npj,760
POS4,s6,pet,Dhn,760
POS5,s6,die,Chr,38841
POS5,s6,die,Brt,4304
POS5,s6,die,Srl,22085
POS5,s6,die,Amj,15800
POS5,s6,die,Ctw,98645
POS5,s6,die,Bhw,7308
POS5,s6,pet,Chr,1159
POS5,s6,pet,Brt,1026
POS5,s6,pet,Srl,915
POS5,s6,pet,Amj,1670
POS5,s6,pet,Ctw,3355
POS5,s6,pet,Ktm,760
POS5,s6,pet,Pkr,10760
POS5,s6,pet,Bhw,32692
POS5,s6,pet,Npj,760
POS5,s6,pet,Dhn,760
POS6,s6,die,Chr,38841
POS6,s6,die,Brt,4304
POS6,s6,die,Srl,22085
POS6,s6,die,Amj,15496
POS6,s6,die,Ctw,98645
POS6,s6,die,Bhw,7308
POS6,s6,pet,Chr,1159
POS6,s6,pet,Brt,1026
POS6,s6,pet,Srl,915
POS6,s6,pet,Amj,1974
POS6,s6,pet,Ctw,3355
POS6,s6,pet,Ktm,760
POS6,s6,pet,Pkr,10760
POS6,s6,pet,Bhw,32692
POS6,s6,pet,Npj,760
POS6,s6,pet,Dhn,760
POS7,s6,die,Chr,38841
POS7,s6,die,Brt,4304
POS7,s6,die,Srl,22085
POS7,s6,die,Amj,15496
POS7,s6,die,Ctw,98645
POS7,s6,die,Bhw,7308
POS7,s6,pet,Chr,1159
POS7,s6,pet,Brt,1026
POS7,s6,pet,Srl,915
POS7,s6,pet,Amj,1974
POS7,s6,pet,Ctw,3355
POS7,s6,pet,Ktm,760
POS7,s6,pet,Pkr,10760
POS7,s6,pet,Bhw,32692
POS7,s6,pet,Npj,760
POS7,s6,pet,Dhn,760
POS8,s6,die,Chr,38841
POS8,s6,die,Brt,4304
POS8,s6,die,Srl,22085
POS8,s6,die,Amj,15496
POS8,s6,die,Ctw,98645
POS8,s6,die,Bhw,7308
POS8,s6,pet,Chr,1159
POS8,s6,pet,Brt,1026
POS8,s6,pet,Srl,915
POS8,s6,pet,Amj,1974
POS8,s6,pet,Ctw,3355
POS8,s6,pet,Ktm,760
POS8,s6,pet,Pkr,10760
POS8,s6,pet,Bhw,32692
POS8,s6,pet,Npj,760
POS8,s6,pet,Dhn,760
POS9,s6,die,Chr,38841
POS9,s6,die,Brt,4304
POS9,s6,die,Srl,22085
POS9,s6,die,Amj,15496
POS9,s6,die,Ctw,98645
POS9,s6,die,Bhw,7308
POS9,s6,pet,Chr,1159
POS9,s6,pet,Brt,1026
POS9,s6,pet,Srl,915
POS9,s6,pet,Amj,1974
POS9,s6,pet,Ctw,3355
POS9,s6,pet,Ktm,760
POS9,s6,pet,Pkr,10760
POS9,s6,pet,Bhw,32692
POS9,s6,pet,Npj,760
POS9,s6,pet,Dhn,760
POS10,s6,die,Chr,38841
POS10,s6,die,Brt,4304
POS10,s6,die,Srl,22085
POS10,s6,die,Amj,15496
POS10,s6,die,Ctw,98645
POS10,s6,die,Bhw,7308
POS10,s6,pet,Chr,1159
POS10,s6,pet,Brt,1026
POS10,s6,pet,Srl,915
POS10,s6,pet,Amj,1974
POS10,s6,pet,Ctw,3355
POS10,s6,pet,Ktm,760
POS10,s6,pet,Pkr,10760
POS10,s6,pet,Bhw,32692
POS10,s6,pet,Npj,760
POS10,s6,pet,Dhn,760
POS11,s6,die,Chr,38841
POS11,s6,die,Brt,4304
POS11,s6,die,Srl,22085
POS11,s6,die,Amj,15313
POS11,s6,die,Ctw,98584
POS11,s6,die,Bhw,7308
POS11,s6,pet,Chr,1159
POS11,s6,pet,Brt,1026
POS11,s6,pet,Srl,915
POS11,s6,pet,Amj,2157
POS11,s6,pet,Ctw,3416
POS11,s6,pet,Ktm,760
POS11,s6,pet,Pkr,10760
POS11,s6,pet,Bhw,32692
POS11,s6,pet,Npj,760
POS11,s6,pet,Dhn,760
POS12,s6,die,Chr,38560
POS12,s6,die,Brt,4304
POS12,s6,die,Srl,22085
POS12,s6,die,Amj,15313
POS12,s6,die,Ctw,98584
POS12,s6,die,Ktm,760
POS12,s6,die,Bhw,7308
POS12,s6,pet,Chr,1440
POS12,s6,pet,Brt,1026
POS12,s6,pet,Srl,915
POS12,s6,pet,Amj,2157
POS12,s6,pet,Ctw,3416
POS12,s6,pet,Pkr,10760
POS12,s6,pet,Bhw,32692
POS12,s6,pet,Npj,760
POS12,s6,pet,Dhn,760
POS13,s6,die,Chr,38560
POS13,s6,die,Brt,4304
POS13,s6,die,Srl,22085
POS13,s6,die,Amj,15313
POS13,s6,die,Ctw,98584
POS13,s6,die,Bhw,7308
POS13,s6,pet,Chr,1440
POS13,s6,pet,Brt,1026
POS13,s6,pet,Srl,915
POS13,s6,pet,Amj,2157
POS13,s6,pet,Ctw,3416
POS13,s6,pet,Ktm,760
POS13,s6,pet,Pkr,10760
POS13,s6,pet,Bhw,32692
POS13,s6,pet,Npj,760
POS13,s6,pet,Dhn,760
POS14,s6,die,Chr,38560
POS14,s6,die,Brt,4304
POS14,s6,die,Srl,22085
POS14,s6,die,Amj,15299
POS14,s6,die,Ctw,98570
POS14,s6,die,Bhw,7308
POS14,s6,pet,Chr,1440
POS14,s6,pet,Brt,1026
POS14,s6,pet,Srl,915
POS14,s6,pet,Amj,2171
POS14,s6,pet,Ctw,3430
POS14,s6,pet,Ktm,760
POS14,s6,pet,Pkr,10760
POS14,s6,pet,Bhw,32692
POS14,s6,pet,Npj,760
POS14,s6,pet,Dhn,760
POS15,s6,die,Chr,38560
POS15,s6,die,Brt,4304
POS15,s6,die,Srl,22085
POS15,s6,die,Amj,15129
POS15,s6,die,Ctw,98400
POS15,s6,die,Bhw,7308
POS15,s6,pet,Chr,1440
POS15,s6,pet,Brt,1026
POS15,s6,pet,Srl,915
POS15,s6,pet,Amj,2341
POS15,s6,pet,Ctw,3600
POS15,s6,pet,Ktm,760
POS15,s6,pet,Pkr,10760
POS15,s6,pet,Bhw,32692
POS15,s6,pet,Npj,760
POS15,s6,pet,Dhn,760
POS16,s6,die,Chr,38560
POS16,s6,die,Brt,4304
POS16,s6,die,Srl,22085
POS16,s6,die,Amj,15129
POS16,s6,die,Ctw,98400
POS16,s6,die,Bhw,7308
POS16,s6,pet,Chr,1440
POS16,s6,pet,Brt,1026
POS16,s6,pet,Srl,915
POS16,s6,pet,Amj,2341
POS16,s6,pet,Ctw,3600
POS16,s6,pet,Ktm,760
POS16,s6,pet,Pkr,10760
POS16,s6,pet,Bhw,32692
POS16,s6,pet,Npj,760
POS16,s6,pet,Dhn,760
POS17,s6,die,Chr,38560
POS17,s6,die,Brt,4304
POS17,s6,die,Srl,22085
POS17,s6,die,Amj,15129
POS17,s6,die,Ctw,98400
POS17,s6,die,Bhw,7308
POS17,s6,pet,Chr,1440
POS17,s6,pet,Brt,1026
POS17,s6,pet,Srl,915
POS17,s6,pet,Amj,2341
POS17,s6,pet,Ctw,3600
POS17,s6,pet,Ktm,760
POS17,s6,pet,Pkr,10760
POS17,s6,pet,Bhw,32692
POS17,s6,pet,Npj,760
POS17,s6,pet,Dhn,760
POS18,s6,die,Chr,38560
POS18,s6,die,Brt,4304
POS18,s6,die,Srl,22085
POS18,s6,die,Amj,15129
POS18,s6,die,Ctw,98400
POS18,s6,die,Bhw,7308
POS18,s6,pet,Chr,1440
POS18,s6,pet,Brt,1026
POS18,s6,pet,Srl,915
POS18,s6,pet,Amj,2341
POS18,s6,pet,Ctw,3600
POS18,s6,pet,Ktm,760
POS18,s6,pet,Pkr,10760
POS18,s6,pet,Bhw,32692
POS18,s6,pet,Npj,760
POS18,s6,pet,Dhn,760
POS19,s6,die,Chr,38560
POS19,s6,die,Brt,4304
POS19,s6,die,Srl,22085
POS19,s6,die,Amj,15129
POS19,s6,die,Ctw,98400
POS19,s6,die,Bhw,7308
POS19,s6,pet,Chr,1440
POS19,s6,pet,Brt,1026
POS19,s6,pet,Srl,915
POS19,s6,pet,Amj,2341
POS19,s6,pet,Ctw,3600
POS19,s6,pet,Ktm,760
POS19,s6,pet,Pkr,10760
POS19,s6,pet,Bhw,32692
POS19,s6,pet,Npj,760
POS19,s6,pet,Dhn,760
POS20,s6,die,Chr,38560
POS20,s6,die,Brt,4304
POS20,s6,die,Srl,22085
POS20,s6,die,Amj,15129
POS20,s6,die,Ctw,98400
POS20,s6,die,Bhw,7308
POS20,s6,pet,Chr,1440
POS20,s6,pet,Brt,1026
POS20,s6,pet,Srl,915
POS20,s6,pet,Amj,2341
POS20,s6,pet,Ctw,3600
POS20,s6,pet,Ktm,760
POS20,s6,pet,Pkr,10760
POS20,s6,pet,Bhw,32692
POS20,s6,pet,Npj,760
POS20,s6,pet,Dhn,760
POS1,s7,die,Chr,38803
POS1,s7,die,Brt,3634
POS1,s7,die,Srl,22055
POS1,s7,die,Amj,15683
POS1,s7,die,Ctw,98535
POS1,s7,die,Bhw,7560
POS1,s7,pet,Chr,1197
POS1,s7,pet,Brt,1696
POS1,s7,pet,Srl,945
POS1,s7,pet,Amj,1787
POS1,s7,pet,Ctw,3465
POS1,s7,pet,Ktm,760
POS1,s7,pet,Pkr,10760
POS1,s7,pet,Bhw,32440
POS1,s7,pet,Npj,760
POS1,s7,pet,Dhn,760
POS2,s7,die,Chr,38803
POS2,s7,die,Brt,3634
POS2,s7,die,Srl,22055
POS2,s7,die,Amj,15683
POS2,s7,die,Ctw,98535
POS2,s7,die,Bhw,7560
POS2,s7,pet,Chr,1197
POS2,s7,pet,Brt,1696
POS2,s7,pet,Srl,945
POS2,s7,pet,Amj,1787
POS2,s7,pet,Ctw,3465
POS2,s7,pet,Ktm,760
POS2,s7,pet,Pkr,10760
POS2,s7,pet,Bhw,32440
POS2,s7,pet,Npj,760
POS2,s7,pet,Dhn,760
POS3,s7,die,Chr,38803
POS3,s7,die,Brt,3634
POS3,s7,die,Srl,22055
POS3,s7,die,Amj,15683
POS3,s7,die,Ctw,98535
POS3,s7,die,Bhw,7560
POS3,s7,pet,Chr,1197
POS3,s7,pet,Brt,1696
POS3,s7,pet,Srl,945
POS3,s7,pet,Amj,1787
POS3,s7,pet,Ctw,3465
POS3,s7,pet,Ktm,760
POS3,s7,pet,Pkr,10760
POS3,s7,pet,Bhw,32440
POS3,s7,pet,Npj,760
POS3,s7,pet,Dhn,760
POS4,s7,die,Chr,38803
POS4,s7,die,Brt,3634
POS4,s7,die,Srl,22055
POS4,s7,die,Amj,15683
POS4,s7,die,Ctw,98535
POS4,s7,die,Bhw,7560
POS4,s7,pet,Chr,1197
POS4,s7,pet,Brt,1696
POS4,s7,pet,Srl,945
POS4,s7,pet,Amj,1787
POS4,s7,pet,Ctw,3465
POS4,s7,pet,Ktm,760
POS4,s7,pet,Pkr,10760
POS4,s7,pet,Bhw,32440
POS4,s7,pet,Npj,760
POS4,s7,pet,Dhn,760
POS5,s7,die,Chr,38803
POS5,s7,die,Brt,3634
POS5,s7,die,Srl,22055
POS5,s7,die,Amj,15683
POS5,s7,die,Ctw,98535
POS5,s7,die,Bhw,7560
POS5,s7,pet,Chr,1197
POS5,s7,pet,Brt,1696
POS5,s7,pet,Srl,945
POS5,s7,pet,Amj,1787
POS5,s7,pet,Ctw,3465
POS5,s7,pet,Ktm,760
POS5,s7,pet,Pkr,10760
POS5,s7,pet,Bhw,32440
POS5,s7,pet,Npj,760
POS5,s7,pet,Dhn,760
POS6,s7,die,Chr,38803
POS6,s7,die,Brt,3949
POS6,s7,die,Srl,22055
POS6,s7,die,Amj,15368
POS6,s7,die,Ctw,98535
POS6,s7,die,Bhw,7560
POS6,s7,pet,Chr,1197
POS6,s7,pet,Brt,1381
POS6,s7,pet,Srl,945
POS6,s7,pet,Amj,2102
POS6,s7,pet,Ctw,3465
POS6,s7,pet,Ktm,760
POS6,s7,pet,Pkr,10760
POS6,s7,pet,Bhw,32440
POS6,s7,pet,Npj,760
POS6,s7,pet,Dhn,760
POS7,s7,die,Chr,38803
POS7,s7,die,Brt,3949
POS7,s7,die,Srl,22055
POS7,s7,die,Amj,15368
POS7,s7,die,Ctw,98535
POS7,s7,die,Bhw,7560
POS7,s7,pet,Chr,1197
POS7,s7,pet,Brt,1381
POS7,s7,pet,Srl,945
POS7,s7,pet,Amj,2102
POS7,s7,pet,Ctw,3465
POS7,s7,pet,Ktm,760
POS7,s7,pet,Pkr,10760
POS7,s7,pet,Bhw,32440
POS7,s7,pet,Npj,760
POS7,s7,pet,Dhn,760
POS8,s7,die,Chr,38803
POS8,s7,die,Brt,3949
POS8,s7,die,Srl,22055
POS8,s7,die,Amj,15368
POS8,s7,die,Ctw,98535
POS8,s7,die,Bhw,7560
POS8,s7,pet,Chr,1197
POS8,s7,pet,Brt,1381
POS8,s7,pet,Srl,945
POS8,s7,pet,Amj,2102
POS8,s7,pet,Ctw,3465
POS8,s7,pet,Ktm,760
POS8,s7,pet,Pkr,10760
POS8,s7,pet,Bhw,32440
POS8,s7,pet,Npj,760
POS8,s7,pet,Dhn,760
POS9,s7,die,Chr,38803
POS9,s7,die,Brt,3949
POS9,s7,die,Srl,22055
POS9,s7,die,Amj,15368
POS9,s7,die,Ctw,98535
POS9,s7,die,Bhw,7560
POS9,s7,pet,Chr,1197
POS9,s7,pet,Brt,1381
POS9,s7,pet,Srl,945
POS9,s7,pet,Amj,2102
POS9,s7,pet,Ctw,3465
POS9,s7,pet,Ktm,760
POS9,s7,pet,Pkr,10760
POS9,s7,pet,Bhw,32440
POS9,s7,pet,Npj,760
POS9,s7,pet,Dhn,760
POS10,s7,die,Chr,38803
POS10,s7,die,Brt,3949
POS10,s7,die,Srl,22055
POS10,s7,die,Amj,15368
POS10,s7,die,Ctw,98535
POS10,s7,die,Bhw,7560
POS10,s7,pet,Chr,1197
POS10,s7,pet,Brt,1381
POS10,s7,pet,Srl,945
POS10,s7,pet,Amj,2102
POS10,s7,pet,Ctw,3465
POS10,s7,pet,Ktm,760
POS10,s7,pet,Pkr,10760
POS10,s7,pet,Bhw,32440
POS10,s7,pet,Npj,760
POS10,s7,pet,Dhn,760
POS11,s7,die,Chr,38803
POS11,s7,die,Brt,4201
POS11,s7,die,Srl,22055
POS11,s7,die,Amj,15179
POS11,s7,die,Ctw,98472
POS11,s7,die,Bhw,7560
POS11,s7,pet,Chr,1197
POS11,s7,pet,Brt,1129
POS11,s7,pet,Srl,945
POS11,s7,pet,Amj,2291
POS11,s7,pet,Ctw,3528
POS11,s7,pet,Ktm,760
POS11,s7,pet,Pkr,10760
POS11,s7,pet,Bhw,32440
POS11,s7,pet,Npj,760
POS11,s7,pet,Dhn,760
POS12,s7,die,Chr,38560
POS12,s7,die,Brt,4252
POS12,s7,die,Srl,22055
POS12,s7,die,Amj,15179
POS12,s7,die,Ctw,98472
POS12,s7,die,Bhw,7560
POS12,s7,pet,Chr,1440
POS12,s7,pet,Brt,1078
POS12,s7,pet,Srl,945
POS12,s7,pet,Amj,2291
POS12,s7,pet,Ctw,3528
POS12,s7,pet,Ktm,760
POS12,s7,pet,Pkr,10760
POS12,s7,pet,Bhw,32440
POS12,s7,pet,Npj,760
POS12,s7,pet,Dhn,760
POS13,s7,die,Chr,38034
POS13,s7,die,Brt,4252
POS13,s7,die,Srl,22055
POS13,s7,die,Amj,15179
POS13,s7,die,Ctw,98472
POS13,s7,die,Bhw,7560
POS13,s7,die,Npj,718
POS13,s7,pet,Chr,1966
POS13,s7,pet,Brt,1078
POS13,s7,pet,Srl,945
POS13,s7,pet,Amj,2291
POS13,s7,pet,Ctw,3528
POS13,s7,pet,Ktm,760
POS13,s7,pet,Pkr,10760
POS13,s7,pet,Bhw,32440
POS13,s7,pet,Npj,42
POS13,s7,pet,Dhn,760
POS14,s7,die,Chr,38560
POS14,s7,die,Brt,4252
POS14,s7,die,Srl,22055
POS14,s7,die,Amj,15179
POS14,s7,die,Ctw,98472
POS14,s7,die,Bhw,7560
POS14,s7,pet,Chr,1440
POS14,s7,pet,Brt,1078
POS14,s7,pet,Srl,945
POS14,s7,pet,Amj,2291
POS14,s7,pet,Ctw,3528
POS14,s7,pet,Ktm,760
POS14,s7,pet,Pkr,10760
POS14,s7,pet,Bhw,32440
POS14,s7,pet,Npj,760
POS14,s7,pet,Dhn,760
POS15,s7,die,Chr,38560
POS15,s7,die,Brt,4252
POS15,s7,die,Srl,22055
POS15,s7,die,Amj,15107
POS15,s7,die,Ctw,98400
POS15,s7,die,Bhw,7560
POS15,s7,pet,Chr,1440
POS15,s7,pet,Brt,1078
POS15,s7,pet,Srl,945
POS15,s7,pet,Amj,2363
POS15,s7,pet,Ctw,3600
POS15,s7,pet,Ktm,760
POS15,s7,pet,Pkr,10760
POS15,s7,pet,Bhw,32440
POS15,s7,pet,Npj,760
POS15,s7,pet,Dhn,760
POS16,s7,die,Chr,38560
POS16,s7,die,Brt,4252
POS16,s7,die,Srl,22055
POS16,s7,die,Amj,15107
POS16,s7,die,Ctw,98400
POS16,s7,die,Bhw,7560
POS16,s7,pet,Chr,1440
POS16,s7,pet,Brt,1078
POS16,s7,pet,Srl,945
POS16,s7,pet,Amj,2363
POS16,s7,pet,Ctw,3600
POS16,s7,pet,Ktm,760
POS16,s7,pet,Pkr,10760
POS16,s7,pet,Bhw,32440
POS16,s7,pet,Npj,760
POS16,s7,pet,Dhn,760
POS17,s7,die,Chr,38560
POS17,s7,die,Brt,4252
POS17,s7,die,Srl,22055
POS17,s7,die,Amj,15107
POS17,s7,die,Ctw,98400
POS17,s7,die,Bhw,7560
POS17,s7,pet,Chr,1440
POS17,s7,pet,Brt,1078
POS17,s7,pet,Srl,945
POS17,s7,pet,Amj,2363
POS17,s7,pet,Ctw,3600
POS17,s7,pet,Ktm,760
POS17,s7,pet,Pkr,10760
POS17,s7,pet,Bhw,32440
POS17,s7,pet,Npj,760
POS17,s7,pet,Dhn,760
POS18,s7,die,Chr,38560
POS18,s7,die,Brt,4252
POS18,s7,die,Srl,22055
POS18,s7,die,Amj,15107
POS18,s7,die,Ctw,98400
POS18,s7,die,Bhw,7560
POS18,s7,pet,Chr,1440
POS18,s7,pet,Brt,1078
POS18,s7,pet,Srl,945
POS18,s7,pet,Amj,2363
POS18,s7,pet,Ctw,3600
POS18,s7,pet,Ktm,760
POS18,s7,pet,Pkr,10760
POS18,s7,pet,Bhw,32440
POS18,s7,pet,Npj,760
POS18,s7,pet,Dhn,760
POS19,s7,die,Chr,38560
POS19,s7,die,Brt,4252
POS19,s7,die,Srl,22055
POS19,s7,die,Amj,15107
POS19,s7,die,Ctw,98400
POS19,s7,die,Bhw,7560
POS19,s7,pet,Chr,1440
POS19,s7,pet,Brt,1078
POS19,s7,pet,Srl,945
POS19,s7,pet,Amj,2363
POS19,s7,pet,Ctw,3600
POS19,s7,pet,Ktm,760
POS19,s7,pet,Pkr,10760
POS19,s7,pet,Bhw,32440
POS19,s7,pet,Npj,760
POS19,s7,pet,Dhn,760
POS20,s7,die,Chr,38560
POS20,s7,die,Brt,4252
POS20,s7,die,Srl,22055
POS20,s7,die,Amj,15107
POS20,s7,die,Ctw,98400
POS20,s7,die,Bhw,7560
POS20,s7,pet,Chr,1440
POS20,s7,pet,Brt,1078
POS20,s7,pet,Srl,945
POS20,s7,pet,Amj,2363
POS20,s7,pet,Ctw,3600
POS20,s7,pet,Ktm,760
POS20,s7,pet,Pkr,10760
POS20,s7,pet,Bhw,32440
POS20,s7,pet,Npj,760
POS20,s7,pet,Dhn,760
POS1,s8,die,Chr,38841
POS1,s8,die,Brt,4304
POS1,s8,die,Srl,22085
POS1,s8,die,Amj,15800
POS1,s8,die,Ctw,98645
POS1,s8,die,Bhw,7308
POS1,s8,pet,Chr,1159
POS1,s8,pet,Brt,1026
POS1,s8,pet,Srl,915
POS1,s8,pet,Amj,1670
POS1,s8,pet,Ctw,3355
POS1,s8,pet,Ktm,760
POS1,s8,pet,Pkr,10760
POS1,s8,pet,Bhw,32692
POS1,s8,pet,Npj,760
POS1,s8,pet,Dhn,760
POS2,s8,die,Chr,38841
POS2,s8,die,Brt,4304
POS2,s8,die,Srl,22085
POS2,s8,die,Amj,15800
POS2,s8,die,Ctw,98645
POS2,s8,die,Bhw,7308
POS2,s8,pet,Chr,1159
POS2,s8,pet,Brt,1026
POS2,s8,pet,Srl,915
POS2,s8,pet,Amj,1670
POS2,s8,pet,Ctw,3355
POS2,s8,pet,Ktm,760
POS2,s8,pet,Pkr,10760
POS2,s8,pet,Bhw,32692
POS2,s8,pet,Npj,760
POS2,s8,pet,Dhn,760
POS3,s8,die,Chr,38841
POS3,s8,die,Brt,4304
POS3,s8,die,Srl,22085
POS3,s8,die,Amj,15800
POS3,s8,die,Ctw,98645
POS3,s8,die,Bhw,7308
POS3,s8,pet,Chr,1159
POS3,s8,pet,Brt,1026
POS3,s8,pet,Srl,915
POS3,s8,pet,Amj,1670
POS3,s8,pet,Ctw,3355
POS3,s8,pet,Ktm,760
POS3,s8,pet,Pkr,10760
POS3,s8,pet,Bhw,32692
POS3,s8,pet,Npj,760
POS3,s8,pet,Dhn,760
POS4,s8,die,Chr,38841
POS4,s8,die,Brt,4304
POS4,s8,die,Srl,22085
POS4,s8,die,Amj,15800
POS4,s8,die,Ctw,98645
POS4,s8,die,Bhw,7308
POS4,s8,pet,Chr,1159
POS4,s8,pet,Brt,1026
POS4,s8,pet,Srl,915
POS4,s8,pet,Amj,1670
POS4,s8,pet,Ctw,3355
POS4,s8,pet,Ktm,760
POS4,s8,pet,Pkr,10760
POS4,s8,pet,Bhw,32692
POS4,s8,pet,Npj,760
POS4,s8,pet,Dhn,760
POS5,s8,die,Chr,38841
POS5,s8,die,Brt,4304
POS5,s8,die,Srl,22085
POS5,s8,die,Amj,15521
POS5,s8,die,Ctw,98645
POS5,s8,die,Bhw,7308
POS5,s8,pet,Chr,1159
POS5,s8,pet,Brt,1026
POS5,s8,pet,Srl,915
POS5,s8,pet,Amj,1949
POS5,s8,pet,Ctw,3355
POS5,s8,pet,Ktm,760
POS5,s8,pet,Pkr,10760
POS5,s8,pet,Bhw,32692
POS5,s8,pet,Npj,760
POS5,s8,pet,Dhn,760
POS6,s8,die,Chr,38841
POS6,s8,die,Brt,4304
POS6,s8,die,Srl,22085
POS6,s8,die,Amj,15496
POS6,s8,die,Ctw,98645
POS6,s8,die,Bhw,7308
POS6,s8,pet,Chr,1159
POS6,s8,pet,Brt,1026
POS6,s8,pet,Srl,915
POS6,s8,pet,Amj,1974
POS6,s8,pet,Ctw,3355
POS6,s8,pet,Ktm,760
POS6,s8,pet,Pkr,10760
POS6,s8,pet,Bhw,32692
POS6,s8,pet,Npj,760
POS6,s8,pet,Dhn,760
POS7,s8,die,Chr,38841
POS7,s8,die,Brt,4304
POS7,s8,die,Srl,22085
POS7,s8,die,Amj,15496
POS7,s8,die,Ctw,98645
POS7,s8,die,Bhw,7308
POS7,s8,pet,Chr,1159
POS7,s8,pet,Brt,1026
POS7,s8,pet,Srl,915
POS7,s8,pet,Amj,1974
POS7,s8,pet,Ctw,3355
POS7,s8,pet,Ktm,760
POS7,s8,pet,Pkr,10760
POS7,s8,pet,Bhw,32692
POS7,s8,pet,Npj,760
POS7,s8,pet,Dhn,760
POS8,s8,die,Chr,38841
POS8,s8,die,Brt,4304
POS8,s8,die,Srl,22085
POS8,s8,die,Amj,15496
POS8,s8,die,Ctw,98645
POS8,s8,die,Bhw,7308
POS8,s8,pet,Chr,1159
POS8,s8,pet,Brt,1026
POS8,s8,pet,Srl,915
POS8,s8,pet,Amj,1974
POS8,s8,pet,Ctw,3355
POS8,s8,pet,Ktm,760
POS8,s8,pet,Pkr,10760
POS8,s8,pet,Bhw,32692
POS8,s8,pet,Npj,760
POS8,s8,pet,Dhn,760
POS9,s8,die,Chr,38841
POS9,s8,die,Brt,4304
POS9,s8,die,Srl,22085
POS9,s8,die,Amj,15496
POS9,s8,die,Ctw,98645
POS9,s8,die,Bhw,7308
POS9,s8,pet,Chr,1159
POS9,s8,pet,Brt,1026
POS9,s8,pet,Srl,915
POS9,s8,pet,Amj,1974
POS9,s8,pet,Ctw,3355
POS9,s8,pet,Ktm,760
POS9,s8,pet,Pkr,10760
POS9,s8,pet,Bhw,32692
POS9,s8,pet,Npj,760
POS9,s8,pet,Dhn,760
POS10,s8,die,Chr,38841
POS10,s8,die,Brt,4304
POS10,s8,die,Srl,22085
POS10,s8,die,Amj,15496
POS10,s8,die,Ctw,98645
POS10,s8,die,Bhw,7308
POS10,s8,pet,Chr,1159
POS10,s8,pet,Brt,1026
POS10,s8,pet,Srl,915
POS10,s8,pet,Amj,1974
POS10,s8,pet,Ctw,3355
POS10,s8,pet,Ktm,760
POS10,s8,pet,Pkr,10760
POS10,s8,pet,Bhw,32692
POS10,s8,pet,Npj,760
POS10,s8,pet,Dhn,760
POS11,s8,die,Chr,38841
POS11,s8,die,Brt,4304
POS11,s8,die,Srl,22085
POS11,s8,die,Amj,15313
POS11,s8,die,Ctw,98584
POS11,s8,die,Bhw,7308
POS11,s8,pet,Chr,1159
POS11,s8,pet,Brt,1026
POS11,s8,pet,Srl,915
POS11,s8,pet,Amj,2157
POS11,s8,pet,Ctw,3416
POS11,s8,pet,Ktm,760
POS11,s8,pet,Pkr,10760
POS11,s8,pet,Bhw,32692
POS11,s8,pet,Npj,760
POS11,s8,pet,Dhn,760
POS12,s8,die,Chr,38560
POS12,s8,die,Brt,4304
POS12,s8,die,Srl,22085
POS12,s8,die,Amj,15313
POS12,s8,die,Ctw,98584
POS12,s8,die,Ktm,760
POS12,s8,die,Bhw,7308
POS12,s8,pet,Chr,1440
POS12,s8,pet,Brt,1026
POS12,s8,pet,Srl,915
POS12,s8,pet,Amj,2157
POS12,s8,pet,Ctw,3416
POS12,s8,pet,Pkr,10760
POS12,s8,pet,Bhw,32692
POS12,s8,pet,Npj,760
POS12,s8,pet,Dhn,760
POS13,s8,die,Chr,38560
POS13,s8,die,Brt,4304
POS13,s8,die,Srl,22085
POS13,s8,die,Amj,15313
POS13,s8,die,Ctw,98584
POS13,s8,die,Bhw,7308
POS13,s8,pet,Chr,1440
POS13,s8,pet,Brt,1026
POS13,s8,pet,Srl,915
POS13,s8,pet,Amj,2157
POS13,s8,pet,Ctw,3416
POS13,s8,pet,Ktm,760
POS13,s8,pet,Pkr,10760
POS13,s8,pet,Bhw,32692
POS13,s8,pet,Npj,760
POS13,s8,pet,Dhn,760
POS14,s8,die,Chr,38560
POS14,s8,die,Brt,4304
POS14,s8,die,Srl,22085
POS14,s8,die,Amj,15129
POS14,s8,die,Ctw,98400
POS14,s8,die,Bhw,7308
POS14,s8,pet,Chr,1440
POS14,s8,pet,Brt,1026
POS14,s8,pet,Srl,915
POS14,s8,pet,Amj,2341
POS14,s8,pet,Ctw,3600
POS14,s8,pet,Ktm,760
POS14,s8,pet,Pkr,10760
POS14,s8,pet,Bhw,32692
POS14,s8,pet,Npj,760
POS14,s8,pet,Dhn,760
POS15,s8,die,Chr,38560
POS15,s8,die,Brt,4304
POS15,s8,die,Srl,22085
POS15,s8,die,Amj,15129
POS15,s8,die,Ctw,98400
POS15,s8,die,Bhw,7308
POS15,s8,pet,Chr,1440
POS15,s8,pet,Brt,1026
POS15,s8,pet,Srl,915
POS15,s8,pet,Amj,2341
POS15,s8,pet,Ctw,3600
POS15,s8,pet,Ktm,760
POS15,s8,pet,Pkr,10760
POS15,s8,pet,Bhw,32692
POS15,s8,pet,Npj,760
POS15,s8,pet,Dhn,760
POS16,s8,die,Chr,38560
POS16,s8,die,Brt,4304
POS16,s8,die,Srl,22085
POS16,s8,die,Amj,15129
POS16,s8,die,Ctw,98400
POS16,s8,die,Bhw,7308
POS16,s8,pet,Chr,1440
POS16,s8,pet,Brt,1026
POS16,s8,pet,Srl,915
POS16,s8,pet,Amj,2341
POS16,s8,pet,Ctw,3600
POS16,s8,pet,Ktm,760
POS16,s8,pet,Pkr,10760
POS16,s8,pet,Bhw,32692
POS16,s8,pet,Npj,760
POS16,s8,pet,Dhn,760
POS17,s8,die,Chr,38560
POS17,s8,die,Brt,4304
POS17,s8,die,Srl,22085
POS17,s8,die,Amj,15129
POS17,s8,die,Ctw,98400
POS17,s8,die,Bhw,7308
POS17,s8,pet,Chr,1440
POS17,s8,pet,Brt,1026
POS17,s8,pet,Srl,915
POS17,s8,pet,Amj,2341
POS17,s8,pet,Ctw,3600
POS17,s8,pet,Ktm,760
POS17,s8,pet,Pkr,10760
POS17,s8,pet,Bhw,32692
POS17,s8,pet,Npj,760
POS17,s8,pet,Dhn,760
POS18,s8,die,Chr,38560
POS18,s8,die,Brt,4304
POS18,s8,die,Srl,22085
POS18,s8,die,Amj,15129
POS18,s8,die,Ctw,98400
POS18,s8,die,Bhw,7308
POS18,s8,pet,Chr,1440
POS18,s8,pet,Brt,1026
POS18,s8,pet,Srl,915
POS18,s8,pet,Amj,2341
POS18,s8,pet,Ctw,3600
POS18,s8,pet,Ktm,760
POS18,s8,pet,Pkr,10760
POS18,s8,pet,Bhw,32692
POS18,s8,pet,Npj,760
POS18,s8,pet,Dhn,760
POS19,s8,die,Chr,38560
POS19,s8,die,Brt,4304
POS19,s8,die,Srl,22085
POS19,s8,die,Amj,15129
POS19,s8,die,Ctw,98400
POS19,s8,die,Bhw,7308
POS19,s8,pet,Chr,1440
POS19,s8,pet,Brt,1026
POS19,s8,pet,Srl,915
POS19,s8,pet,Amj,2341
POS19,s8,pet,Ctw,3600
POS19,s8,pet,Ktm,760
POS19,s8,pet,Pkr,10760
POS19,s8,pet,Bhw,32692
POS19,s8,pet,Npj,760
POS19,s8,pet,Dhn,760
POS20,s8,die,Chr,38560
POS20,s8,die,Brt,4304
POS20,s8,die,Srl,22085
POS20,s8,die,Amj,15129
POS20,s8,die,Ctw,98400
POS20,s8,die,Bhw,7308
POS20,s8,pet,Chr,1440
POS20,s8,pet,Brt,1026
POS20,s8,pet,Srl,915
POS20,s8,pet,Amj,2341
POS20,s8,pet,Ctw,3600
POS20,s8,pet,Ktm,760
POS20,s8,pet,Pkr,10760
POS20,s8,pet,Bhw,32692
POS20,s8,pet,Npj,760
POS20,s8,pet,Dhn,760
POS1,s9,die,Chr,38879
POS1,s9,die,Brt,4356
POS1,s9,die,Srl,22115
POS1,s9,die,Amj,15800
POS1,s9,die,Ctw,98755
POS1,s9,die,Ktm,760
POS1,s9,die,Bhw,7014
POS1,s9,die,Npj,734
POS1,s9,die,Dhn,653
POS1,s9,pet,Chr,1121
POS1,s9,pet,Brt,974
POS1,s9,pet,Srl,885
POS1,s9,pet,Amj,1670
POS1,s9,pet,Ctw,3245
POS1,s9,pet,Pkr,10760
POS1,s9,pet,Bhw,32986
POS1,s9,pet,Npj,26
POS1,s9,pet,Dhn,107
POS2,s9,die,Chr,38879
POS2,s9,die,Brt,4356
POS2,s9,die,Srl,22115
POS2,s9,die,Amj,15800
POS2,s9,die,Ctw,98755
POS2,s9,die,Ktm,760
POS2,s9,die,Bhw,7014
POS2,s9,die,Npj,734
POS2,s9,die,Dhn,653
POS2,s9,pet,Chr,1121
POS2,s9,pet,Brt,974
POS2,s9,pet,Srl,885
POS2,s9,pet,Amj,1670
POS2,s9,pet,Ctw,3245
POS2,s9,pet,Pkr,10760
POS2,s9,pet,Bhw,32986
POS2,s9,pet,Npj,26
POS2,s9,pet,Dhn,107
POS3,s9,die,Chr,38879
POS3,s9,die,Brt,4356
POS3,s9,die,Srl,22115
POS3,s9,die,Amj,15800
POS3,s9,die,Ctw,98755
POS3,s9,die,Ktm,760
POS3,s9,die,Bhw,7014
POS3,s9,die,Npj,734
POS3,s9,die,Dhn,653
POS3,s9,pet,Chr,1121
POS3,s9,pet,Brt,974
POS3,s9,pet,Srl,885
POS3,s9,pet,Amj,1670
POS3,s9,pet,Ctw,3245
POS3,s9,pet,Pkr,10760
POS3,s9,pet,Bhw,32986
POS3,s9,pet,Npj,26
POS3,s9,pet,Dhn,107
POS4,s9,die,Chr,38879
POS4,s9,die,Brt,4356
POS4,s9,die,Srl,22115
POS4,s9,die,Amj,15800
POS4,s9,die,Ctw,98755
POS4,s9,die,Ktm,760
POS4,s9,die,Bhw,7014
POS4,s9,die,Npj,734
POS4,s9,die,Dhn,653
POS4,s9,pet,Chr,1121
POS4,s9,pet,Brt,974
POS4,s9,pet,Srl,885
POS4,s9,pet,Amj,1670
POS4,s9,pet,Ctw,3245
POS4,s9,pet,Pkr,10760
POS4,s9,pet,Bhw,32986
POS4,s9,pet,Npj,26
POS4,s9,pet,Dhn,107
POS5,s9,die,Chr,38879
POS5,s9,die,Brt,4356
POS5,s9,die,Srl,22115
POS5,s9,die,Amj,15800
POS5,s9,die,Ctw,98755
POS5,s9,die,Ktm,760
POS5,s9,die,Bhw,7014
POS5,s9,die,Npj,734
POS5,s9,die,Dhn,653
POS5,s9,pet,Chr,1121
POS5,s9,pet,Brt,974
POS5,s9,pet,Srl,885
POS5,s9,pet,Amj,1670
POS5,s9,pet,Ctw,3245
POS5,s9,pet,Pkr,10760
POS5,s9,pet,Bhw,32986
POS5,s9,pet,Npj,26
POS5,s9,pet,Dhn,107
POS6,s9,die,Chr,38879
POS6,s9,die,Brt,4356
POS6,s9,die,Srl,22115
POS6,s9,die,Amj,15624
POS6,s9,die,Ctw,98755
POS6,s9,die,Ktm,760
POS6,s9,die,Bhw,7014
POS6,s9,die,Npj,734
POS6,s9,die,Dhn,653
POS6,s9,pet,Chr,1121
POS6,s9,pet,Brt,974
POS6,s9,pet,Srl,885
POS6,s9,pet,Amj,1846
POS6,s9,pet,Ctw,3245
POS6,s9,pet,Pkr,10760
POS6,s9,pet,Bhw,32986
POS6,s9,pet,Npj,26
POS6,s9,pet,Dhn,107
POS7,s9,die,Chr,38879
POS7,s9,die,Brt,4356
POS7,s9,die,Srl,22115
POS7,s9,die,Amj,15624
POS7,s9,die,Ctw,98755
POS7,s9,die,Ktm,760
POS7,s9,die,Bhw,7014
POS7,s9,die,Npj,734
POS7,s9,die,Dhn,653
POS7,s9,pet,Chr,1121
POS7,s9,pet,Brt,974
POS7,s9,pet,Srl,885
POS7,s9,pet,Amj,1846
POS7,s9,pet,Ctw,3245
POS7,s9,pet,Pkr,10760
POS7,s9,pet,Bhw,32986
POS7,s9,pet,Npj,26
POS7,s9,pet,Dhn,107
POS8,s9,die,Chr,38879
POS8,s9,die,Brt,4356
POS8,s9,die,Srl,22115
POS8,s9,die,Amj,15624
POS8,s9,die,Ctw,98755
POS8,s9,die,Ktm,760
POS8,s9,die,Bhw,7014
POS8,s9,die,Npj,734
POS8,s9,die,Dhn,653
POS8,s9,pet,Chr,1121
POS8,s9,pet,Brt,974
POS8,s9,pet,Srl,885
POS8,s9,pet,Amj,1846
POS8,s9,pet,Ctw,3245
POS8,s9,pet,Pkr,10760
POS8,s9,pet,Bhw,32986
POS8,s9,pet,Npj,26
POS8,s9,pet,Dhn,107
POS9,s9,die,Chr,38879
POS9,s9,die,Brt,4356
POS9,s9,die,Srl,22115
POS9,s9,die,Amj,15624
POS9,s9,die,Ctw,98755
POS9,s9,die,Ktm,760
POS9,s9,die,Bhw,7014
POS9,s9,die,Npj,734
POS9,s9,die,Dhn,653
POS9,s9,pet,Chr,1121
POS9,s9,pet,Brt,974
POS9,s9,pet,Srl,885
POS9,s9,pet,Amj,1846
POS9,s9,pet,Ctw,3245
POS9,s9,pet,Pkr,10760
POS9,s9,pet,Bhw,32986
POS9,s9,pet,Npj,26
POS9,s9,pet,Dhn,107
POS10,s9,die,Chr,38879
POS10,s9,die,Brt,4356
POS10,s9,die,Srl,22115
POS10,s9,die,Amj,15624
POS10,s9,die,Ctw,98755
POS10,s9,die,Ktm,760
POS10,s9,die,Bhw,7014
POS10,s9,die,Npj,734
POS10,s9,die,Dhn,653
POS10,s9,pet,Chr,1121
POS10,s9,pet,Brt,974
POS10,s9,pet,Srl,885
POS10,s9,pet,Amj,1846
POS10,s9,pet,Ctw,3245
POS10,s9,pet,Pkr,10760
POS10,s9,pet,Bhw,32986
POS10,s9,pet,Npj,26
POS10,s9,pet,Dhn,107
POS11,s9,die,Chr,38879
POS11,s9,die,Brt,4356
POS11,s9,die,Srl,22115
POS11,s9,die,Amj,15447
POS11,s9,die,Ctw,98696
POS11,s9,die,Ktm,760
POS11,s9,die,Bhw,7014
POS11,s9,die,Npj,734
POS11,s9,die,Dhn,653
POS11,s9,pet,Chr,1121
POS11,s9,pet,Brt,974
POS11,s9,pet,Srl,885
POS11,s9,pet,Amj,2023
POS11,s9,pet,Ctw,3304
POS11,s9,pet,Pkr,10760
POS11,s9,pet,Bhw,32986
POS11,s9,pet,Npj,26
POS11,s9,pet,Dhn,107
POS12,s9,die,Chr,38560
POS12,s9,die,Brt,4356
POS12,s9,die,Srl,22115
POS12,s9,die,Amj,15447
POS12,s9,die,Ctw,98696
POS12,s9,die,Ktm,760
POS12,s9,die,Bhw,7014
POS12,s9,die,Npj,734
POS12,s9,die,Dhn,653
POS12,s9,pet,Chr,1440
POS12,s9,pet,Brt,974
POS12,s9,pet,Srl,885
POS12,s9,pet,Amj,2023
POS12,s9,pet,Ctw,3304
POS12,s9,pet,Pkr,10760
POS12,s9,pet,Bhw,32986
POS12,s9,pet,Npj,26
POS12,s9,pet,Dhn,107
POS13,s9,die,Chr,38560
POS13,s9,die,Brt,4356
POS13,s9,die,Srl,22115
POS13,s9,die,Amj,15447
POS13,s9,die,Ctw,98696
POS13,s9,die,Ktm,760
POS13,s9,die,Bhw,7014
POS13,s9,die,Npj,734
POS13,s9,die,Dhn,653
POS13,s9,pet,Chr,1440
POS13,s9,pet,Brt,974
POS13,s9,pet,Srl,885
POS13,s9,pet,Amj,2023
POS13,s9,pet,Ctw,3304
POS13,s9,pet,Pkr,10760
POS13,s9,pet,Bhw,32986
POS13,s9,pet,Npj,26
POS13,s9,pet,Dhn,107
POS14,s9,die,Chr,38560
POS14,s9,die,Brt,4356
POS14,s9,die,Srl,22115
POS14,s9,die,Amj,15447
POS14,s9,die,Ctw,98696
POS14,s9,die,Ktm,760
POS14,s9,die,Bhw,7014
POS14,s9,die,Npj,734
POS14,s9,die,Dhn,653
POS14,s9,pet,Chr,1440
POS14,s9,pet,Brt,974
POS14,s9,pet,Srl,885
POS14,s9,pet,Amj,2023
POS14,s9,pet,Ctw,3304
POS14,s9,pet,Pkr,10760
POS14,s9,pet,Bhw,32986
POS14,s9,pet,Npj,26
POS14,s9,pet,Dhn,107
POS15,s9,die,Chr,38560
POS15,s9,die,Brt,4356
POS15,s9,die,Srl,22115
POS15,s9,die,Amj,15151
POS15,s9,die,Ctw,98400
POS15,s9,die,Ktm,760
POS15,s9,die,Bhw,7014
POS15,s9,die,Npj,734
POS15,s9,die,Dhn,653
POS15,s9,pet,Chr,1440
POS15,s9,pet,Brt,974
POS15,s9,pet,Srl,885
POS15,s9,pet,Amj,2319
POS15,s9,pet,Ctw,3600
POS15,s9,pet,Pkr,10760
POS15,s9,pet,Bhw,32986
POS15,s9,pet,Npj,26
POS15,s9,pet,Dhn,107
POS16,s9,die,Chr,4320
POS16,s9,die,Brt,4356
POS16,s9,die,Srl,22115
POS16,s9,die,Amj,9946
POS16,s9,die,Ctw,98400
POS16,s9,die,Ktm,760
POS16,s9,die,Pkr,10756
POS16,s9,die,Bhw,38230
POS16,s9,die,Npj,734
POS16,s9,die,Dhn,653
POS16,s9,pet,Chr,35680
POS16,s9,pet,Brt,974
POS16,s9,pet,Srl,885
POS16,s9,pet,Amj,7524
POS16,s9,pet,Ctw,3600
POS16,s9,pet,Pkr,4
POS16,s9,pet,Bhw,1770
POS16,s9,pet,Npj,26
POS16,s9,pet,Dhn,107
POS17,s9,die,Chr,38560
POS17,s9,die,Brt,4356
POS17,s9,die,Srl,22115
POS17,s9,die,Amj,15151
POS17,s9,die,Ctw,98400
POS17,s9,die,Ktm,760
POS17,s9,die,Bhw,7014
POS17,s9,die,Npj,734
POS17,s9,die,Dhn,653
POS17,s9,pet,Chr,1440
POS17,s9,pet,Brt,974
POS17,s9,pet,Srl,885
POS17,s9,pet,Amj,2319
POS17,s9,pet,Ctw,3600
POS17,s9,pet,Pkr,10760
POS17,s9,pet,Bhw,32986
POS17,s9,pet,Npj,26
POS17,s9,pet,Dhn,107
POS18,s9,die,Chr,38560
POS18,s9,die,Brt,4356
POS18,s9,die,Srl,22115
POS18,s9,die,Amj,15151
POS18,s9,die,Ctw,98400
POS18,s9,die,Ktm,760
POS18,s9,die,Bhw,7014
POS18,s9,die,Npj,734
POS18,s9,die,Dhn,653
POS18,s9,pet,Chr,1440
POS18,s9,pet,Brt,974
POS18,s9,pet,Srl,885
POS18,s9,pet,Amj,2319
POS18,s9,pet,Ctw,3600
POS18,s9,pet,Pkr,10760
POS18,s9,pet,Bhw,32986
POS18,s9,pet,Npj,26
POS18,s9,pet,Dhn,107
POS19,s9,die,Chr,38560
POS19,s9,die,Brt,4356
POS19,s9,die,Srl,22115
POS19,s9,die,Amj,15151
POS19,s9,die,Ctw,98400
POS19,s9,die,Ktm,760
POS19,s9,die,Bhw,7014
POS19,s9,die,Npj,734
POS19,s9,die,Dhn,653
POS19,s9,pet,Chr,1440
POS19,s9,pet,Brt,974
POS19,s9,pet,Srl,885
POS19,s9,pet,Amj,2319
POS19,s9,pet,Ctw,3600
POS19,s9,pet,Pkr,10760
POS19,s9,pet,Bhw,32986
POS19,s9,pet,Npj,26
POS19,s9,pet,Dhn,107
POS20,s9,die,Chr,38560
POS20,s9,die,Brt,4356
POS20,s9,die,Srl,22115
POS20,s9,die,Amj,15151
POS20,s9,die,Ctw,98400
POS20,s9,die,Ktm,760
POS20,s9,die,Bhw,7014
POS20,s9,die,Npj,734
POS20,s9,die,Dhn,653
POS20,s9,pet,Chr,1440
POS20,s9,pet,Brt,974
POS20,s9,pet,Srl,885
POS20,s9,pet,Amj,2319
POS20,s9,pet,Ctw,3600
POS20,s9,pet,Pkr,10760
POS20,s9,pet,Bhw,32986
POS20,s9,pet,Npj,26
POS20,s9,pet,Dhn,107
